annex_iii_ref|legal_name|label_as|cas_listed|ec_listed|leave_on_threshold_pct|rinse_off_threshold_pct|placing_on_market_until|making_available_until|transition_condition|instrument|ingredient_id|inci_name|match_method|flagged|source|source_url|retrieved_at
327|Acetyl Cedrene||32388-55-9|251-020-3|0.001|0.01|2026-07-31|2028-07-31||Commission Regulation (EU) 2023/1545 (OJ L 188, 27.7.2023, p. 1), corrected by OJ L 2025/90876|2924|ACETYL CEDRENE|NAME|1|EURLEX|https://eur-lex.europa.eu/legal-content/EN/TXT/HTML/?uri=CELEX:02009R1223-20260518|2026-09-24
90|alpha-Isomethyl ionone||127-51-5|204-846-3|0.001|0.01||||Regulation (EC) No 1223/2009, Annex III (consolidated version 18.05.2026)|4278|ALPHA-ISOMETHYL IONONE|NAME|1|EURLEX|https://eur-lex.europa.eu/legal-content/EN/TXT/HTML/?uri=CELEX:02009R1223-20260518|2026-09-24
131|Alpha-Terpinene||99-86-5|202-795-1|0.001|0.01|2026-07-31|2028-07-31|provided that they comply with the restrictions applicable on 15 August 2023|Commission Regulation (EU) 2023/1545 (OJ L 188, 27.7.2023, p. 1), corrected by OJ L 2025/90876|4332|ALPHA-TERPINENE|NAME|1|EURLEX|https://eur-lex.europa.eu/legal-content/EN/TXT/HTML/?uri=CELEX:02009R1223-20260518|2026-09-24
67|Amyl cinnamal||122-40-7|204-541-5|0.001|0.01||||Regulation (EC) No 1223/2009, Annex III (consolidated version 18.05.2026)|4740|AMYL CINNAMAL|NAME|1|EURLEX|https://eur-lex.europa.eu/legal-content/EN/TXT/HTML/?uri=CELEX:02009R1223-20260518|2026-09-24
328|Amyl Salicylate||2050-08-0|218-080-2|0.001|0.01|2026-07-31|2028-07-31||Commission Regulation (EU) 2023/1545 (OJ L 188, 27.7.2023, p. 1), corrected by OJ L 2025/90876|4755|AMYL SALICYLATE|NAME|1|EURLEX|https://eur-lex.europa.eu/legal-content/EN/TXT/HTML/?uri=CELEX:02009R1223-20260518|2026-09-24
74|Amylcinnamyl alcohol||101-85-9|202-982-8|0.001|0.01||||Regulation (EC) No 1223/2009, Annex III (consolidated version 18.05.2026)|4763|AMYLCINNAMYL ALCOHOL|NAME|1|EURLEX|https://eur-lex.europa.eu/legal-content/EN/TXT/HTML/?uri=CELEX:02009R1223-20260518|2026-09-24
329|Anethole||104-46-1/ 4180-23-8|203-205-5/ 224-052-0|0.001|0.01|2026-07-31|2028-07-31||Commission Regulation (EU) 2023/1545 (OJ L 188, 27.7.2023, p. 1), corrected by OJ L 2025/90876|4885|ANETHOLE|NAME|1|EURLEX|https://eur-lex.europa.eu/legal-content/EN/TXT/HTML/?uri=CELEX:02009R1223-20260518|2026-09-24
330|Benzaldehyde||100-52-7|202-860-4|0.001|0.01|2026-07-31|2028-07-31||Commission Regulation (EU) 2023/1545 (OJ L 188, 27.7.2023, p. 1), corrected by OJ L 2025/90876|6680|BENZALDEHYDE|NAME|1|EURLEX|https://eur-lex.europa.eu/legal-content/EN/TXT/HTML/?uri=CELEX:02009R1223-20260518|2026-09-24
45|Benzyl Alcohol||100-51-6|202-859-9|0.001|0.01|2026-07-31|2028-07-31|provided that they comply with the restrictions applicable on 15 August 2023|Commission Regulation (EU) 2023/1545 (OJ L 188, 27.7.2023, p. 1), corrected by OJ L 2025/90876|6802|BENZYL ALCOHOL|NAME|1|EURLEX|https://eur-lex.europa.eu/legal-content/EN/TXT/HTML/?uri=CELEX:02009R1223-20260518|2026-09-24
85|Benzyl benzoate||120-51-4|204-402-9|0.001|0.01||||Regulation (EC) No 1223/2009, Annex III (consolidated version 18.05.2026)|6860|BENZYL BENZOATE|NAME|1|EURLEX|https://eur-lex.europa.eu/legal-content/EN/TXT/HTML/?uri=CELEX:02009R1223-20260518|2026-09-24
75|Benzyl Salicylate||118-58-1|204-262-9|0.001|0.01||||Regulation (EC) No 1223/2009, Annex III (consolidated version 18.05.2026)|6910|BENZYL SALICYLATE|NAME|1|EURLEX|https://eur-lex.europa.eu/legal-content/EN/TXT/HTML/?uri=CELEX:02009R1223-20260518|2026-09-24
332|Beta-Caryophyllene||87-44-5|201-746-1|0.001|0.01|2026-07-31|2028-07-31||Commission Regulation (EU) 2023/1545 (OJ L 188, 27.7.2023, p. 1), corrected by OJ L 2025/90876|7034|BETA-CARYOPHYLLENE|NAME|1|EURLEX|https://eur-lex.europa.eu/legal-content/EN/TXT/HTML/?uri=CELEX:02009R1223-20260518|2026-09-24
331|Camphor||76-22-2/ 21368-68-3/ 464-49-3/ 464-48-2|200-945-0/ 244-350-4/ 207-355-2/ 207-354-7|0.001|0.01|2026-07-31|2028-07-31||Commission Regulation (EU) 2023/1545 (OJ L 188, 27.7.2023, p. 1), corrected by OJ L 2025/90876|9135|CAMPHOR|NAME|1|EURLEX|https://eur-lex.europa.eu/legal-content/EN/TXT/HTML/?uri=CELEX:02009R1223-20260518|2026-09-24
347|Cananga Odorata Flower Oil|Cananga Odorata Oil/Extract|83863-30-3/ 8006-81-3/ 68606-83-7/ 93686-30-7|281-092-1/ -/ -/ 297-681-1|0.001|0.01|2026-07-31|2028-07-31||Commission Regulation (EU) 2023/1545 (OJ L 188, 27.7.2023, p. 1), corrected by OJ L 2025/90876|9163|CANANGA ODORATA FLOWER OIL|NAME|1|EURLEX|https://eur-lex.europa.eu/legal-content/EN/TXT/HTML/?uri=CELEX:02009R1223-20260518|2026-09-24
333|Carvone||99-49-0 / 6485-40-1/ 2244-16-8|202-759-5/ 229-352-5/ 218-827-2|0.001|0.01|2026-07-31|2028-07-31||Commission Regulation (EU) 2023/1545 (OJ L 188, 27.7.2023, p. 1), corrected by OJ L 2025/90876|9730|CARVONE|NAME|1|EURLEX|https://eur-lex.europa.eu/legal-content/EN/TXT/HTML/?uri=CELEX:02009R1223-20260518|2026-09-24
76|Cinnamal||104-55-2|203-213-9|0.001|0.01||||Regulation (EC) No 1223/2009, Annex III (consolidated version 18.05.2026)|11673|CINNAMAL|NAME|1|EURLEX|https://eur-lex.europa.eu/legal-content/EN/TXT/HTML/?uri=CELEX:02009R1223-20260518|2026-09-24
69|Cinnamyl alcohol||104-54-1|203-212-3|0.001|0.01||||Regulation (EC) No 1223/2009, Annex III (consolidated version 18.05.2026)|11720|CINNAMYL ALCOHOL|NAME|1|EURLEX|https://eur-lex.europa.eu/legal-content/EN/TXT/HTML/?uri=CELEX:02009R1223-20260518|2026-09-24
70|Citral|Citral|5392-40-5|226-394-6|0.001|0.01||||Commission Regulation (EU) 2023/1545 (OJ L 188, 27.7.2023, p. 1), corrected by OJ L 2025/90876|11779|CITRAL|NAME|1|EURLEX|https://eur-lex.europa.eu/legal-content/EN/TXT/HTML/?uri=CELEX:02009R1223-20260518|2026-09-24
86|Citronellol||106-22-9/ 26489-01-0|203-375-0/ 247-737-6|0.001|0.01||||Commission Regulation (EU) 2023/1545 (OJ L 188, 27.7.2023, p. 1), corrected by OJ L 2025/90876|11997|CITRONELLOL|NAME|1|EURLEX|https://eur-lex.europa.eu/legal-content/EN/TXT/HTML/?uri=CELEX:02009R1223-20260518|2026-09-24
352|Citrus Aurantium Bergamia Peel Oil||8007-75-8 89957-91-5 68648-33-9/ 8007-75-8/ 85049-52-1|616-915-9 289-612-9 -/ 616-915-9/ -|0.001|0.01|2026-07-31|2028-07-31||Commission Regulation (EU) 2023/1545 (OJ L 188, 27.7.2023, p. 1), corrected by OJ L 2025/90876|12134|CITRUS AURANTIUM BERGAMIA PEEL OIL|NAME|1|EURLEX|https://eur-lex.europa.eu/legal-content/EN/TXT/HTML/?uri=CELEX:02009R1223-20260518|2026-09-24
351|Citrus Aurantium Dulcis Peel Oil|Citrus Aurantium Peel Oil|97766-30-8/ 8028-48-6/ 8008-57-9|307-891-8/ 232-433-8/ -|0.001|0.01|2026-07-31|2028-07-31||Commission Regulation (EU) 2023/1545 (OJ L 188, 27.7.2023, p. 1), corrected by OJ L 2025/90876|12172|CITRUS AURANTIUM DULCIS PEEL OIL|NAME|1|EURLEX|https://eur-lex.europa.eu/legal-content/EN/TXT/HTML/?uri=CELEX:02009R1223-20260518|2026-09-24
351|Citrus Aurantium Peel Oil|Citrus Aurantium Peel Oil|||0.001|0.01|2026-07-31|2028-07-31||Commission Regulation (EU) 2023/1545 (OJ L 188, 27.7.2023, p. 1), corrected by OJ L 2025/90876|12188|CITRUS AURANTIUM PEEL OIL|LABEL_NAME|1|EURLEX|https://eur-lex.europa.eu/legal-content/EN/TXT/HTML/?uri=CELEX:02009R1223-20260518|2026-09-24
353|Citrus Limon Peel Oil||84929-31-7/ 8008-56-8|284-515-8/ -|0.001|0.01|2026-07-31|2028-07-31||Commission Regulation (EU) 2023/1545 (OJ L 188, 27.7.2023, p. 1), corrected by OJ L 2025/90876|12288|CITRUS LIMON PEEL OIL|NAME|1|EURLEX|https://eur-lex.europa.eu/legal-content/EN/TXT/HTML/?uri=CELEX:02009R1223-20260518|2026-09-24
77|Coumarin||91-64-5|202-086-7|0.001|0.01||||Regulation (EC) No 1223/2009, Annex III (consolidated version 18.05.2026)|14205|COUMARIN|NAME|1|EURLEX|https://eur-lex.europa.eu/legal-content/EN/TXT/HTML/?uri=CELEX:02009R1223-20260518|2026-09-24
334|Dimethyl Phenethyl Acetate||151-05-3|205-781-3|0.001|0.01|2026-07-31|2028-07-31||Commission Regulation (EU) 2023/1545 (OJ L 188, 27.7.2023, p. 1), corrected by OJ L 2025/90876|15863|DIMETHYL PHENETHYL ACETATE|NAME|1|EURLEX|https://eur-lex.europa.eu/legal-content/EN/TXT/HTML/?uri=CELEX:02009R1223-20260518|2026-09-24
355|Eucalyptus Globulus Leaf Oil|Eucalyptus Globulus Oil|97926-40-4/ 8000-48-4/|308-257-3/ 616-775-9/|0.001|0.01|2026-07-31|2028-07-31||Commission Regulation (EU) 2023/1545 (OJ L 188, 27.7.2023, p. 1), corrected by OJ L 2025/90876|18157|EUCALYPTUS GLOBULUS LEAF OIL|NAME|1|EURLEX|https://eur-lex.europa.eu/legal-content/EN/TXT/HTML/?uri=CELEX:02009R1223-20260518|2026-09-24
355|Eucalyptus Globulus Oil|Eucalyptus Globulus Oil|||0.001|0.01|2026-07-31|2028-07-31||Commission Regulation (EU) 2023/1545 (OJ L 188, 27.7.2023, p. 1), corrected by OJ L 2025/90876|18162|EUCALYPTUS GLOBULUS OIL|LABEL_NAME|1|EURLEX|https://eur-lex.europa.eu/legal-content/EN/TXT/HTML/?uri=CELEX:02009R1223-20260518|2026-09-24
71|Eugenol||97-53-0|202-589-1|0.001|0.01||||Regulation (EC) No 1223/2009, Annex III (consolidated version 18.05.2026)|18218|EUGENOL|NAME|1|EURLEX|https://eur-lex.europa.eu/legal-content/EN/TXT/HTML/?uri=CELEX:02009R1223-20260518|2026-09-24
82|Farnesol||4602-84-0|225-004-1|0.001|0.01||||Regulation (EC) No 1223/2009, Annex III (consolidated version 18.05.2026)|18774|FARNESOL|NAME|1|EURLEX|https://eur-lex.europa.eu/legal-content/EN/TXT/HTML/?uri=CELEX:02009R1223-20260518|2026-09-24
78|Geraniol||106-24-1|203-377-1|0.001|0.01||||Regulation (EC) No 1223/2009, Annex III (consolidated version 18.05.2026)|19997|GERANIOL|NAME|1|EURLEX|https://eur-lex.europa.eu/legal-content/EN/TXT/HTML/?uri=CELEX:02009R1223-20260518|2026-09-24
369|Geranyl Acetate||105-87-3|203-341-5|0.001|0.01|2026-07-31|2028-07-31||Commission Regulation (EU) 2023/1545 (OJ L 188, 27.7.2023, p. 1), corrected by OJ L 2025/90876|20046|GERANYL ACETATE|NAME|1|EURLEX|https://eur-lex.europa.eu/legal-content/EN/TXT/HTML/?uri=CELEX:02009R1223-20260518|2026-09-24
336|Hexamethylindanopyran||1222-05-5|214-946-9|0.001|0.01|2026-07-31|2028-07-31||Commission Regulation (EU) 2023/1545 (OJ L 188, 27.7.2023, p. 1), corrected by OJ L 2025/90876|21864|HEXAMETHYLINDANOPYRAN|NAME|1|EURLEX|https://eur-lex.europa.eu/legal-content/EN/TXT/HTML/?uri=CELEX:02009R1223-20260518|2026-09-24
87|Hexyl cinnamal||101-86-0|202-983-3|0.001|0.01||||Regulation (EC) No 1223/2009, Annex III (consolidated version 18.05.2026)|21919|HEXYL CINNAMAL|NAME|1|EURLEX|https://eur-lex.europa.eu/legal-content/EN/TXT/HTML/?uri=CELEX:02009R1223-20260518|2026-09-24
72|Hydroxycitronellal||107-75-5|203-518-7|0.001|0.01||||Regulation (EC) No 1223/2009, Annex III (consolidated version 18.05.2026)|22977|HYDROXYCITRONELLAL|NAME|1|EURLEX|https://eur-lex.europa.eu/legal-content/EN/TXT/HTML/?uri=CELEX:02009R1223-20260518|2026-09-24
73|Isoeugenol||97-54-1|202-590-7|0.001|0.01||||Commission Regulation (EU) 2023/1545 (OJ L 188, 27.7.2023, p. 1), corrected by OJ L 2025/90876|24193|ISOEUGENOL|NAME|1|EURLEX|https://eur-lex.europa.eu/legal-content/EN/TXT/HTML/?uri=CELEX:02009R1223-20260518|2026-09-24
357|Jasminum Officinale Oil|Jasmine Oil/Extract|84776-64-7/ 90045-94-6/ 8022-96-6/ 8024-43-9 90045-94-6|283-993-5/ 289-960-1/ -/ - 289-960-1|0.001|0.01|2026-07-31|2028-07-31||Commission Regulation (EU) 2023/1545 (OJ L 188, 27.7.2023, p. 1), corrected by OJ L 2025/90876|24502|JASMINUM OFFICINALE OIL|NAME|1|EURLEX|https://eur-lex.europa.eu/legal-content/EN/TXT/HTML/?uri=CELEX:02009R1223-20260518|2026-09-24
358|Juniperus Virginiana Oil|Juniperus Virginiana Oil|8000-27-9 / 85085-41-2|-/ 285-370-3|0.001|0.01|2026-07-31|2028-07-31||Commission Regulation (EU) 2023/1545 (OJ L 188, 27.7.2023, p. 1), corrected by OJ L 2025/90876|24620|JUNIPERUS VIRGINIANA OIL|NAME|1|EURLEX|https://eur-lex.europa.eu/legal-content/EN/TXT/HTML/?uri=CELEX:02009R1223-20260518|2026-09-24
360|Lavandula Angustifolia Oil|Lavandula Oil/ Extract|84776-65-8/ 8000-28-0/ 90063-37-9|283-994-0/ -/ 289-995-2|0.001|0.01|2026-07-31|2028-07-31||Commission Regulation (EU) 2023/1545 (OJ L 188, 27.7.2023, p. 1), corrected by OJ L 2025/90876|25535|LAVANDULA ANGUSTIFOLIA OIL|NAME|1|EURLEX|https://eur-lex.europa.eu/legal-content/EN/TXT/HTML/?uri=CELEX:02009R1223-20260518|2026-09-24
360|Lavandula Oil/ Extract|Lavandula Oil/ Extract|||0.001|0.01|2026-07-31|2028-07-31||Commission Regulation (EU) 2023/1545 (OJ L 188, 27.7.2023, p. 1), corrected by OJ L 2025/90876|25569|LAVANDULA OIL/EXTRACT|LABEL_NAME|1|EURLEX|https://eur-lex.europa.eu/legal-content/EN/TXT/HTML/?uri=CELEX:02009R1223-20260518|2026-09-24
88|Limonene||138-86-3/ 7705-14-8|205-341-0/ 231-732-0|0.001|0.01|2026-07-31|2028-07-31||Commission Regulation (EU) 2023/1545 (OJ L 188, 27.7.2023, p. 1), corrected by OJ L 2025/90876|26057|LIMONENE|NAME|1|EURLEX|https://eur-lex.europa.eu/legal-content/EN/TXT/HTML/?uri=CELEX:02009R1223-20260518|2026-09-24
84|Linalool||78-70-6|201-134-4|0.001|0.01||||Regulation (EC) No 1223/2009, Annex III (consolidated version 18.05.2026)|26186|LINALOOL|NAME|1|EURLEX|https://eur-lex.europa.eu/legal-content/EN/TXT/HTML/?uri=CELEX:02009R1223-20260518|2026-09-24
337|Linalyl Acetate||115-95-7|204-116-4|0.001|0.01|2026-07-31|2028-07-31||Commission Regulation (EU) 2023/1545 (OJ L 188, 27.7.2023, p. 1), corrected by OJ L 2025/90876|26285|LINALYL ACETATE|NAME|1|EURLEX|https://eur-lex.europa.eu/legal-content/EN/TXT/HTML/?uri=CELEX:02009R1223-20260518|2026-09-24
361|Mentha Piperita Oil||8006-90-4/ 84082-70-2|-/ 282-015-4|0.001|0.01|2026-07-31|2028-07-31||Commission Regulation (EU) 2023/1545 (OJ L 188, 27.7.2023, p. 1), corrected by OJ L 2025/90876|27724|MENTHA PIPERITA OIL|NAME|1|EURLEX|https://eur-lex.europa.eu/legal-content/EN/TXT/HTML/?uri=CELEX:02009R1223-20260518|2026-09-24
338|Menthol||89-78-1 / 1490-04-6 / 2216-51-5 / 15356-60-2|201-939-0/ 216-074-4/ 218-690-9/ 239-387-8|0.001|0.01|2026-07-31|2028-07-31||Commission Regulation (EU) 2023/1545 (OJ L 188, 27.7.2023, p. 1), corrected by OJ L 2025/90876|27777|MENTHOL|NAME|1|EURLEX|https://eur-lex.europa.eu/legal-content/EN/TXT/HTML/?uri=CELEX:02009R1223-20260518|2026-09-24
324|Methyl Salicylate||119-36-8|204-317-7|0.001|0.01|2026-07-31|2028-07-31|provided that they comply with the restrictions applicable on 15 August 2023|Commission Regulation (EU) 2023/1545 (OJ L 188, 27.7.2023, p. 1), corrected by OJ L 2025/90876|27958|METHYL SALICYLATE|NAME|1|EURLEX|https://eur-lex.europa.eu/legal-content/EN/TXT/HTML/?uri=CELEX:02009R1223-20260518|2026-09-24
371|Pinene||80-56-8/ 7785-70-8/ 127-91-3/ 18172-67-3|201-291-9/ 232-087-8/ 204-872-5/ 242-060-2|0.001|0.01|2026-07-31|2028-07-31||Commission Regulation (EU) 2023/1545 (OJ L 188, 27.7.2023, p. 1), corrected by OJ L 2025/90876|33586|PINENE|NAME|1|EURLEX|https://eur-lex.europa.eu/legal-content/EN/TXT/HTML/?uri=CELEX:02009R1223-20260518|2026-09-24
365|Pogostemon Cablin Oil||8014-09-3/ 84238-39-1|-/ 282-493-4|0.001|0.01|2026-07-31|2028-07-31||Commission Regulation (EU) 2023/1545 (OJ L 188, 27.7.2023, p. 1), corrected by OJ L 2025/90876|33826|POGOSTEMON CABLIN OIL|NAME|1|EURLEX|https://eur-lex.europa.eu/legal-content/EN/TXT/HTML/?uri=CELEX:02009R1223-20260518|2026-09-24
157|Rose Ketones|Rose Ketones|||0.001|0.01|2026-07-31|2028-07-31|provided that they comply with the restrictions applicable on 15 August 2023|Commission Regulation (EU) 2023/1545 (OJ L 188, 27.7.2023, p. 1), corrected by OJ L 2025/90876|37104|ROSE KETONES|LABEL_NAME|1|EURLEX|https://eur-lex.europa.eu/legal-content/EN/TXT/HTML/?uri=CELEX:02009R1223-20260518|2026-09-24
343|Terpineol||8000-41-7/ 98-55-5/ 138-87-4/ 586-81-2|232-268-1/ 202-680-6/ 205-342-6/ 209-584-3|0.001|0.01|2026-07-31|2028-07-31||Commission Regulation (EU) 2023/1545 (OJ L 188, 27.7.2023, p. 1), corrected by OJ L 2025/90876|41864|TERPINEOL|NAME|1|EURLEX|https://eur-lex.europa.eu/legal-content/EN/TXT/HTML/?uri=CELEX:02009R1223-20260518|2026-09-24
133|Terpinolene||586-62-9|209-578-0|0.001|0.01|2026-07-31|2028-07-31|provided that they comply with the restrictions applicable on 15 August 2023|Commission Regulation (EU) 2023/1545 (OJ L 188, 27.7.2023, p. 1), corrected by OJ L 2025/90876|41867|TERPINOLENE|NAME|1|EURLEX|https://eur-lex.europa.eu/legal-content/EN/TXT/HTML/?uri=CELEX:02009R1223-20260518|2026-09-24
344|Tetramethyl acetyloctahydronaphthalenes||54464-57-2/ 54464-59-4/ 68155-66-8/ 68155-67-9/|259-174-3/ 259-175-9/ 268-978-3/ 268-979-9/|0.001|0.01|2026-07-31|2028-07-31||Commission Regulation (EU) 2023/1545 (OJ L 188, 27.7.2023, p. 1), corrected by OJ L 2025/90876|41948|TETRAMETHYL ACETYLOCTAHYDRONAPHTHALENES|NAME|1|EURLEX|https://eur-lex.europa.eu/legal-content/EN/TXT/HTML/?uri=CELEX:02009R1223-20260518|2026-09-24
124|Turpentine||9005-90-7; 8006-64-2; 8052-14-0|232-688-5; 232-350-7; -|0.001|0.01|2026-07-31|2028-07-31|provided that they comply with the restrictions applicable on 15 August 2023|Commission Regulation (EU) 2023/1545 (OJ L 188, 27.7.2023, p. 1), corrected by OJ L 2025/90876|43239|TURPENTINE|NAME|1|EURLEX|https://eur-lex.europa.eu/legal-content/EN/TXT/HTML/?uri=CELEX:02009R1223-20260518|2026-09-24
