product_id|ingredient_id|position_index|concentration_percentage
70452|8957|1|
70452|31573|2|
70452|33060|3|
70452|9898|4|
70452|38367|5|
70534|5197|1|
70534|39636|2|
70534|39167|3|
70534|12812|4|
70534|25348|5|
70534|32461|6|
70534|31654|7|
70534|45247|8|
70534|3169|9|
70534|21210|10|
70534|16396|11|
70534|36130|12|
70534|35492|13|
70534|12288|14|
70534|26057|15|
70534|39968|16|
70534|31426|17|
70534|12098|18|
70534|11779|19|
70534|31466|20|
70534|44983|21|
70534|21108|22|
70534|26186|23|
70534|11835|24|
70534|42931|25|
70534|419|26|
70600|14250|1|
70600|5197|2|
70600|35492|3|
70600|10409|4|
70600|4638|5|
70600|42689|6|
70600|31573|7|
70600|40926|8|
70600|17756|9|
70600|10175|10|
70600|36607|11|
70600|22761|12|
70600|38179|13|
70600|22799|14|
70600|3141|15|
70600|40849|16|
70600|20717|17|
70600|31654|18|
70600|40106|19|
70600|38367|20|
70600|1519|21|
70600|41998|22|
70600|1549|23|
70600|26186|24|
70600|5754|25|
70600|11997|26|
70600|21964|27|
70600|4668|28|
70600|17193|29|
70600|22505|30|
70600|10222|31|
70600|10165|32|
70600|18081|33|
70600|1503|34|
70600|16203|35|
70600|34704|36|
70600|38965|37|
70600|37383|38|
70600|23047|39|
70600|34950|40|
70600|36026|41|
70600|40035|42|
70600|21919|43|
70600|27344|44|
70600|36132|45|
70600|31426|46|
70600|24285|47|
70600|16283|48|
70600|11835|49|
70600|33256|50|
70600|40814|51|
70600|34406|52|
70600|39828|53|
70600|15515|54|
70600|25430|55|
70600|26057|56|
70668|5197|1|
70668|20485|2|
70668|42931|3|
70668|40876|4|
70668|31309|5|
70668|7811|6|
70668|25353|7|
70668|35334|8|
70668|35492|9|
70668|39636|10|
70668|33256|11|
70668|34425|12|
70668|38965|13|
70668|31654|14|
70668|26057|15|
70749|5197|1|
70749|9494|2|
70749|6802|3|
70749|34479|4|
70749|31654|5|
70749|43751|6|
70749|25108|7|
70749|34775|8|
70749|11835|9|
70749|38965|10|
70838|44449|1|
70838|39636|2|
70838|32582|3|
70838|30469|4|
70838|39698|5|
70838|25427|6|
70838|20872|7|
70838|15104|8|
70838|6347|9|
70838|6709|10|
70838|9538|11|
70838|11835|12|
70838|12735|13|
70838|16143|14|
70838|19412|15|
70838|22881|16|
70838|25345|17|
70838|25379|18|
70838|26057|19|
70838|27089|20|
70838|34392|21|
70838|38965|22|
70838|39167|23|
70838|39814|24|
70838|42545|25|
70838|45022|26|
70907|39904|1|
70907|39895|2|
70907|5197|3|
70907|20485|4|
70907|8223|5|
70907|26373|6|
70907|39167|7|
70907|39411|8|
70907|31654|9|
70907|38965|10|
70907|26057|11|
70907|11779|12|
70907|26186|13|
70907|19997|14|
70907|11997|15|
70907|11483|16|
70955|5197|1|
70955|20485|2|
70955|15768|3|
70955|35349|4|
70955|15806|5|
70955|11075|6|
70955|8870|7|
70955|39167|8|
70955|39212|9|
70955|39455|10|
70955|39506|11|
70955|33256|12|
70955|31158|13|
70955|10804|14|
70955|16243|15|
70955|11835|16|
70955|7229|17|
70955|34304|18|
70963|5197|1|
70963|8597|2|
70963|20485|3|
70963|35492|4|
70963|17985|5|
70963|3785|6|
70963|41120|7|
70963|7326|8|
70963|16549|9|
70963|7922|10|
70963|17998|11|
70963|34026|12|
70963|3169|13|
70963|9464|14|
70963|16143|15|
70963|17878|16|
70963|24274|17|
70963|32620|18|
70963|41848|19|
70963|42545|20|
70963|42931|21|
70979|5197|1|
70979|24704|2|
70979|5591|3|
70979|35349|4|
70979|20485|5|
70979|9375|6|
70979|11483|7|
70979|10222|8|
70979|45154|9|
70979|11393|10|
70979|11376|11|
70979|11348|12|
70979|3954|13|
70979|10165|14|
70979|4100|15|
70979|25725|16|
70979|33256|17|
70979|42545|18|
70979|9464|19|
70979|44833|20|
70979|31654|21|
70979|13253|22|
71101|5197|1|
71101|30015|2|
71101|8597|3|
71101|7922|4|
71101|17985|5|
71101|28127|6|
71101|15483|7|
71101|33352|8|
71101|16256|9|
71101|34675|10|
71101|31426|11|
71101|44340|12|
71101|7326|13|
71101|15622|14|
71101|17998|15|
71101|40938|16|
71101|15654|17|
71101|9464|18|
71101|39506|19|
71101|20717|20|
71101|32257|21|
71101|29963|22|
71101|40499|23|
71101|5591|24|
71101|44833|25|
71101|33375|26|
71101|42545|27|
71127|4086|1|
71127|44815|2|
71127|11835|3|
71127|38965|4|
71127|34775|5|
71157|5197|1|
71157|39636|2|
71157|20485|3|
71157|12955|4|
71157|39167|5|
71157|16104|6|
71157|5536|7|
71157|31654|8|
71157|38965|9|
71157|11835|10|
71157|39744|11|
71157|20872|12|
71157|20680|13|
71162|39904|1|
71162|39895|2|
71162|5197|3|
71162|31654|4|
71162|31252|5|
71162|27712|6|
71162|29948|7|
71162|20485|8|
71162|39167|9|
71162|42009|10|
71162|42027|11|
71201|5197|1|
71201|10222|2|
71201|6557|3|
71201|40926|4|
71201|10443|5|
71201|28111|6|
71201|20485|7|
71201|35791|8|
71201|12212|9|
71201|26186|10|
71201|6910|11|
71201|26057|12|
71201|10723|13|
71201|8072|14|
71201|21919|15|
71201|11835|16|
71201|11997|17|
71201|6802|18|
71201|4278|19|
71201|31654|20|
71240|5197|1|
71240|21667|2|
71240|30495|3|
71240|20485|4|
71240|8527|5|
71240|10409|6|
71240|34243|7|
71240|797|8|
71240|9989|9|
71240|23019|10|
71240|31654|11|
71240|24562|12|
71240|9464|13|
71240|40087|14|
71240|34156|15|
71240|42616|16|
71240|11835|17|
71240|34492|18|
71240|40464|19|
71240|33005|20|
71312|5302|1|
71312|12812|2|
71312|25430|3|
71312|39167|4|
71312|21737|5|
71312|40460|6|
71312|16490|7|
71312|6802|8|
71312|44833|9|
71312|39286|10|
71312|10804|11|
71312|4983|12|
71312|25108|13|
71312|31654|14|
71312|8223|15|
71312|12529|16|
71312|26057|17|
71312|4100|18|
71312|26186|19|
71312|11997|20|
71312|39773|21|
71312|38965|22|
71312|20485|23|
71364|5197|1|
71364|39636|2|
71364|12812|3|
71364|39167|4|
71364|16178|5|
71364|33337|6|
71364|34392|7|
71364|5516|8|
71364|8229|9|
71364|30476|10|
71364|20485|11|
71364|38439|12|
71364|20872|13|
71364|32461|14|
71364|32369|15|
71364|32582|16|
71364|25360|17|
71364|25353|18|
71364|24261|19|
71364|41120|20|
71364|31654|21|
71364|38965|22|
71364|19276|23|
71364|28006|24|
71364|28074|25|
71364|11835|26|
71364|39025|27|
71364|2916|28|
71364|38847|29|
71364|39506|30|
71364|26186|31|
71364|26057|32|
71364|21919|33|
71364|6910|34|
71364|14205|35|
71364|11997|36|
71375|5197|1|
71375|15981|2|
71375|40080|3|
71375|10175|4|
71375|31654|5|
71375|42862|6|
71375|23047|7|
71375|35492|8|
71375|4076|9|
71375|4278|10|
71375|14205|11|
71375|26057|12|
71375|10909|13|
71384|5197|1|
71384|39636|2|
71384|20485|3|
71384|3169|4|
71384|15104|5|
71384|31654|6|
71384|12812|7|
71384|39167|8|
71384|42931|9|
71384|35492|10|
71384|35797|11|
71384|41120|12|
71384|32094|13|
71384|12156|14|
71384|28006|15|
71384|28074|16|
71384|10979|17|
71384|10935|18|
71430|5197|1|
71430|39636|2|
71430|12812|3|
71430|39167|4|
71430|32420|5|
71430|32582|6|
71430|31654|7|
71430|20485|8|
71430|26057|9|
71430|34392|10|
71430|11835|11|
71430|42962|12|
71430|6802|13|
71430|3785|14|
71430|12215|15|
71430|35492|16|
71430|29969|17|
71430|26918|18|
71430|26941|19|
71430|28006|20|
71430|28074|21|
71430|11171|22|
71430|10863|23|
71434|5197|1|
71434|3785|2|
71434|24202|3|
71434|31654|4|
71434|14559|5|
71434|35492|6|
71434|31426|7|
71434|39167|8|
71434|3954|9|
71434|9135|10|
71434|31452|11|
71434|14631|12|
71434|3746|13|
71434|39506|14|
71434|25108|15|
71434|33256|16|
71434|18025|17|
71434|39212|18|
71434|39025|19|
71434|21667|20|
71434|26057|21|
71434|11779|22|
71434|21919|23|
71434|10979|24|
71434|11064|25|
71434|11289|26|
71457|3785|1|
71457|5197|2|
71457|33256|3|
71457|9559|4|
71457|42931|5|
71538|5197|1|
71538|4647|2|
71538|20485|3|
71538|12812|4|
71538|18155|5|
71538|33603|6|
71538|34425|7|
71538|23114|8|
71538|35492|9|
71538|39167|10|
71538|11835|11|
71538|38965|12|
71538|31654|13|
71538|26057|14|
71538|26186|15|
71538|21919|16|
71538|6910|17|
71538|11064|18|
71538|11171|19|
71655|2378|1|
71655|5197|2|
71655|20485|3|
71655|35492|4|
71655|30015|5|
71655|15703|6|
71655|24202|7|
71655|14535|8|
71655|3785|9|
71655|7922|10|
71655|42428|11|
71655|4457|12|
71655|40876|13|
71655|34675|14|
71655|41477|15|
71655|17998|16|
71655|42931|17|
71655|33256|18|
71655|31309|19|
71655|32257|20|
71655|20717|21|
71655|15768|22|
71655|9464|23|
71655|41848|24|
71655|4439|25|
71655|3212|26|
71655|20815|27|
71655|42545|28|
71655|44833|29|
71655|16143|30|
71655|10910|31|
71655|10921|32|
71655|31654|33|
71655|204|34|
71718|2321|1|
71718|5197|2|
71718|22632|3|
71718|15768|4|
71718|20485|5|
71718|4457|6|
71718|10409|7|
71718|32497|8|
71718|20717|9|
71718|8223|10|
71718|31573|11|
71718|6802|12|
71718|8651|13|
71718|9429|14|
71718|9464|15|
71718|10021|16|
71718|11779|17|
71718|16143|18|
71718|20815|19|
71718|22834|20|
71718|25368|21|
71718|26186|22|
71718|31542|23|
71718|33256|24|
71718|33947|25|
71718|36633|26|
71718|40502|27|
71718|42545|28|
71718|45281|29|
71718|31654|30|
71718|205|31|
72054|39025|1|
72139|36774|1|
72139|34287|2|
72139|30080|3|
72139|32812|4|
72139|22626|5|
72139|9176|6|
72139|8223|7|
72139|10021|8|
72139|24298|9|
72139|41477|10|
72139|34171|11|
72139|20485|12|
72139|20658|13|
72139|5197|14|
72139|35815|15|
72139|28211|16|
72139|35492|17|
72139|7110|18|
72139|26057|19|
72139|18218|20|
72139|5639|21|
72139|10887|22|
72139|11483|23|
72139|11376|24|
72139|11393|25|
72277|5197|1|
72277|40508|2|
72277|38367|3|
72277|44905|4|
72277|8902|5|
72277|27290|6|
72277|11483|7|
72277|44833|8|
72277|20485|9|
72277|16114|10|
72277|39286|11|
72277|28763|12|
72277|16894|13|
72277|35390|14|
72277|3746|15|
72277|5639|16|
72277|26057|17|
72277|26186|18|
72277|18218|19|
72295|5197|1|
72295|39636|2|
72295|39744|3|
72295|12735|4|
72295|45201|5|
72295|20872|6|
72295|15768|7|
72295|45247|8|
72295|40150|9|
72295|10409|10|
72295|31654|11|
72295|21210|12|
72295|39167|13|
72295|22485|14|
72295|20485|15|
72295|26964|16|
72295|38965|17|
72295|27777|18|
72295|26913|19|
72295|4645|20|
72295|26057|21|
72295|8072|22|
72295|26186|23|
72295|6910|24|
72295|6802|25|
72295|26941|26|
72295|39506|27|
72295|42616|28|
72295|39968|29|
72295|31573|30|
72295|39880|31|
72295|10979|32|
72295|28006|33|
72295|26918|34|
72295|11835|35|
72295|28074|36|
72295|41998|37|
72295|11064|38|
72295|16396|39|
72300|5197|1|
72300|39636|2|
72300|39744|3|
72300|15768|4|
72300|12735|5|
72300|45201|6|
72300|20872|7|
72300|45247|8|
72300|40150|9|
72300|10409|10|
72300|31654|11|
72300|21210|12|
72300|39167|13|
72300|22485|14|
72300|20485|15|
72300|26964|16|
72300|38965|17|
72300|26913|18|
72300|26186|19|
72300|6802|20|
72300|21919|21|
72300|6910|22|
72300|26941|23|
72300|39506|24|
72300|35727|25|
72300|39968|26|
72300|31573|27|
72300|28006|28|
72300|26918|29|
72300|28074|30|
72316|5197|1|
72316|39636|2|
72316|3169|3|
72316|20485|4|
72316|31654|5|
72316|39167|6|
72316|12735|7|
72316|26945|8|
72316|24298|9|
72316|24285|10|
72316|11835|11|
72316|39506|12|
72316|16396|13|
72316|16143|14|
72316|26057|15|
72316|26153|16|
72316|12457|17|
72316|12474|18|
72331|14545|1|
72331|40917|2|
72331|4409|3|
72331|34966|4|
72331|41566|5|
72331|22536|6|
72331|31654|7|
72331|24704|8|
72331|33009|9|
72331|30080|10|
72331|20737|11|
72331|7110|12|
72331|26057|13|
72331|26186|14|
72331|4278|15|
72331|19997|16|
72331|6802|17|
72331|14205|18|
72357|39904|1|
72357|40120|2|
72357|39256|3|
72357|5197|4|
72357|20485|5|
72357|31654|6|
72357|42403|7|
72357|42931|8|
72357|32502|9|
72357|16143|10|
72357|11835|11|
72357|9898|12|
72357|6709|13|
72357|39167|14|
72389|5197|1|
72389|20485|2|
72389|43523|3|
72389|17973|4|
72389|24285|5|
72389|20717|6|
72389|10222|7|
72389|33060|8|
72389|41194|9|
72389|40876|10|
72389|39917|11|
72389|15674|12|
72389|35492|13|
72389|33256|14|
72389|41204|15|
72389|14545|16|
72389|34492|17|
72389|22881|18|
72389|40508|19|
72389|26660|20|
72389|32140|21|
72389|3954|22|
72389|25108|23|
72389|44833|24|
72389|28111|25|
72389|31654|26|
72389|16143|27|
72389|18067|28|
72389|8029|29|
72389|35574|30|
72389|23072|31|
72389|6910|32|
72389|22977|33|
72389|4278|34|
72389|26186|35|
72389|21919|36|
72389|11997|37|
72389|19997|38|
72419|5197|1|
72419|20485|2|
72419|7982|3|
72419|20814|4|
72419|38401|5|
72419|10222|6|
72419|35727|7|
72419|35838|8|
72419|30691|9|
72419|40499|10|
72419|31654|11|
72419|20717|12|
72419|32257|13|
72419|9464|14|
72419|33256|15|
72419|35841|16|
72419|37975|17|
72419|9559|18|
72419|13188|19|
72419|26186|20|
72419|39506|21|
72419|3212|22|
72419|42545|23|
72419|16143|24|
72419|26057|25|
72419|35829|26|
72419|15234|27|
72419|11835|28|
72419|10868|29|
72419|10919|30|
72490|5197|1|
72490|39636|2|
72490|39167|3|
72490|12812|4|
72490|25360|5|
72490|12741|6|
72490|31654|7|
72490|20894|8|
72490|21919|9|
72490|11835|10|
72490|1535|11|
72490|41998|12|
72490|26186|13|
72490|34775|14|
72490|39506|15|
72490|10979|16|
72490|10909|17|
72584|5197|1|
72584|39636|2|
72584|12812|3|
72584|31654|4|
72584|43748|5|
72584|19369|6|
72584|37269|7|
72584|40508|8|
72584|34425|9|
72584|41120|10|
72584|35492|11|
72584|39167|12|
72584|32461|13|
72584|11835|14|
72584|25108|15|
72584|16143|16|
72584|39591|17|
72584|16396|18|
72584|28006|19|
72584|28074|20|
72584|11997|21|
72584|10876|22|
72584|11033|23|
72598|5197|1|
72598|39636|2|
72598|12812|3|
72598|3169|4|
72598|39167|5|
72598|33256|6|
72598|45247|7|
72598|37174|8|
72598|35492|9|
72598|32662|10|
72598|32273|11|
72598|25348|12|
72598|3785|13|
72598|31654|14|
72598|21919|15|
72598|26186|16|
72598|28111|17|
72598|15473|18|
72598|18067|19|
72598|39506|20|
72647|5197|1|
72647|22652|2|
72647|22443|3|
72647|32408|4|
72647|45210|5|
72647|39744|6|
72647|5639|7|
72647|9898|8|
72647|39370|9|
72647|40013|10|
72647|36003|11|
72647|43122|12|
72647|39506|13|
72647|20485|14|
72647|39636|15|
72647|25725|16|
72647|6802|17|
72647|26057|18|
72647|11237|19|
72647|11483|20|
72685|5197|1|
72685|39636|2|
72685|3169|3|
72685|39167|4|
72685|20485|5|
72685|34957|6|
72685|21210|7|
72685|15823|8|
72685|31654|9|
72685|12735|10|
72685|41706|11|
72685|41692|12|
72685|11835|13|
72685|39506|14|
72685|16396|15|
72685|16143|16|
72685|4278|17|
72685|11997|18|
72685|26057|19|
72685|26186|20|
72685|10943|21|
72685|11064|22|
72688|5197|1|
72688|10409|2|
72688|15823|3|
72688|40814|4|
72688|38109|5|
72688|10589|6|
72688|42797|7|
72688|20316|8|
72688|20485|9|
72688|31654|10|
72688|39167|11|
72688|41692|12|
72688|32314|13|
72688|27089|14|
72688|16143|15|
72688|25108|16|
72688|16396|17|
72688|28006|18|
72688|28074|19|
72688|6802|20|
72688|6910|21|
72688|8072|22|
72688|11997|23|
72688|21919|24|
72688|26057|25|
72688|26186|26|
72688|10863|27|
72688|11038|28|
72688|11171|29|
72704|5197|1|
72704|39636|2|
72704|39167|3|
72704|12812|4|
72704|13174|5|
72704|13345|6|
72704|22775|7|
72704|22799|8|
72704|26651|9|
72704|11835|10|
72704|12735|11|
72704|16143|12|
72704|20485|13|
72704|20872|14|
72704|24261|15|
72704|34392|16|
72704|31654|17|
72704|34957|18|
72704|38847|19|
72704|39506|20|
72704|16396|21|
72704|28006|22|
72704|28074|23|
72704|33256|24|
72704|34775|25|
72704|38965|26|
72704|40443|27|
72704|8072|28|
72704|21919|29|
72704|26057|30|
72704|26186|31|
72774|5197|1|
72774|39055|2|
72774|39636|3|
72774|12812|4|
72774|39167|5|
72774|31654|6|
72774|12735|7|
72774|40035|8|
72774|38965|9|
72774|11835|10|
72774|34425|11|
72774|41998|12|
72774|6738|13|
72774|7110|14|
72774|12164|15|
72774|9163|16|
72774|31476|17|
72774|4278|18|
72774|6910|19|
72774|11997|20|
72774|21906|21|
72774|23072|22|
72774|26057|23|
72774|26186|24|
72774|10935|25|
72969|4622|1|
72973|5197|1|
72973|39731|2|
72973|25430|3|
72973|39167|4|
72973|20316|5|
72973|38965|6|
72973|8913|7|
72973|21971|8|
72973|21974|9|
72973|34775|10|
72973|44833|11|
72973|35492|12|
72973|10589|13|
72973|4076|14|
72973|40106|15|
73003|39167|1|
73003|43523|2|
73003|39817|3|
73003|27711|4|
73003|22093|5|
73003|37179|6|
73003|12172|7|
73003|18157|8|
73003|9134|9|
73003|27958|10|
73003|15622|11|
73003|31654|12|
73003|17959|13|
73003|26057|14|
73003|26186|15|
73003|8466|16|
73074|5197|1|
73074|39636|2|
73074|12812|3|
73074|20485|4|
73074|3175|5|
73074|39167|6|
73074|32582|7|
73074|11835|8|
73074|38965|9|
73074|31654|10|
73074|12955|11|
73074|20680|12|
73074|12735|13|
73074|34775|14|
73074|39506|15|
73074|16143|16|
73074|25173|17|
73074|28258|18|
73074|6802|19|
73074|7824|20|
73074|39016|21|
73074|21667|22|
73074|3746|23|
73074|43076|24|
73074|10909|25|
73074|10852|26|
73074|10943|27|
73074|42845|28|
73074|42545|29|
73074|22602|30|
73074|25725|31|
73074|5782|32|
73177|5197|1|
73177|24144|2|
73177|3785|3|
73177|20485|4|
73177|8597|5|
73177|17985|6|
73177|7922|7|
73177|15622|8|
73177|34536|9|
73177|7326|10|
73177|33352|11|
73177|42833|12|
73177|35727|13|
73177|32864|14|
73177|31426|15|
73177|42616|16|
73177|44833|17|
73177|7304|18|
73177|38873|19|
73177|18025|20|
73177|16143|21|
73177|21897|22|
73177|42545|23|
73431|5197|1|
73431|39636|2|
73431|12812|3|
73431|20485|4|
73431|32582|5|
73431|39167|6|
73431|31654|7|
73431|35435|8|
73431|38965|9|
73431|11835|10|
73431|34775|11|
73431|40572|12|
73431|12741|13|
73431|25360|14|
73431|34392|15|
73431|9264|16|
73431|9322|17|
73431|41998|18|
73431|35956|19|
73431|23199|20|
73431|42545|21|
73431|39506|22|
73431|12424|23|
73431|12417|24|
73530|5197|1|
73530|39636|2|
73530|39744|3|
73530|39167|4|
73530|40150|5|
73530|12812|6|
73530|20872|7|
73530|39212|8|
73530|31654|9|
73530|15823|10|
73530|33647|11|
73530|38965|12|
73530|15768|13|
73530|11835|14|
73530|21210|15|
73530|41692|16|
73530|21919|17|
73530|26186|18|
73530|41998|19|
73530|39506|20|
73530|42885|21|
73530|40035|22|
73530|42962|23|
73530|35492|24|
73530|11064|25|
73530|10943|26|
73564|5197|1|
73564|43523|2|
73564|30319|3|
73564|20485|4|
73564|10222|5|
73564|20726|6|
73564|17992|7|
73564|20737|8|
73564|33256|9|
73564|9559|10|
73564|31654|11|
73564|42616|12|
73564|39506|13|
73564|18025|14|
73714|3746|1|
73714|5197|2|
73714|31654|3|
73714|31426|4|
73714|18025|5|
73714|33256|6|
73714|25108|7|
73714|27777|8|
73714|11997|9|
73714|4100|10|
73714|26186|11|
73723|5197|1|
73723|4086|2|
73723|20485|3|
73723|9375|4|
73723|17824|5|
73723|10222|6|
73723|20726|7|
73723|40876|8|
73723|31309|9|
73723|3954|10|
73723|42545|11|
73723|21667|12|
73723|44833|13|
73723|37978|14|
73723|9464|15|
73723|42027|16|
73723|18025|17|
73723|11835|18|
73723|39506|19|
73909|3787|1|
73909|5197|2|
73909|31654|3|
73909|17959|4|
73909|11997|5|
73909|14205|6|
73909|17985|7|
73909|7922|8|
73909|11779|9|
73909|26186|10|
73909|15981|11|
73909|19997|12|
73909|11192|13|
73909|11064|14|
73993|5197|1|
73993|32864|2|
73993|35349|3|
73993|20485|4|
73993|29357|5|
73993|7229|6|
73993|7982|7|
73993|31426|8|
73993|35007|9|
73993|3212|10|
73993|4575|11|
73993|32461|12|
73993|39591|13|
73993|25108|14|
73993|41698|15|
73993|38179|16|
73993|43523|17|
73993|40508|18|
73993|16143|19|
73993|31654|20|
73993|3954|21|
73993|45218|22|
73993|26911|23|
73993|33256|24|
73993|39167|25|
73993|9559|26|
73993|34479|27|
73993|39455|28|
73993|14067|29|
73993|38965|30|
73993|26186|31|
73993|26057|32|
73993|31346|33|
73993|31341|34|
74112|5197|1|
74112|22652|2|
74112|22443|3|
74112|32408|4|
74112|45210|5|
74112|39744|6|
74112|5639|7|
74112|9898|8|
74112|39370|9|
74112|40013|10|
74112|20485|11|
74112|26057|12|
74112|11237|13|
74112|11253|14|
74137|5197|1|
74137|39636|2|
74137|31654|3|
74137|9538|4|
74137|11835|5|
74137|12735|6|
74137|16143|7|
74137|20485|8|
74137|27089|9|
74137|34957|10|
74137|38965|11|
74137|39167|12|
74137|11997|13|
74137|26057|14|
74137|26186|15|
74166|5197|1|
74166|22443|2|
74166|22652|3|
74166|20485|4|
74166|44905|5|
74166|45210|6|
74166|27724|7|
74166|44833|8|
74166|39744|9|
74166|39370|10|
74166|4076|11|
74166|27712|12|
74166|18157|13|
74166|23806|14|
74293|3785|1|
74293|5197|2|
74293|33256|3|
74293|3212|4|
74293|4575|5|
74293|18025|6|
74293|32610|7|
74293|15768|8|
74293|42324|9|
74504|5197|1|
74504|39636|2|
74504|39744|3|
74504|20872|4|
74504|25108|5|
74504|7044|6|
74504|10409|7|
74504|39167|8|
74504|35349|9|
74504|31654|10|
74504|15855|11|
74504|12812|12|
74504|12735|13|
74504|39506|14|
74504|6802|15|
74504|21210|16|
74504|16143|17|
74504|24230|18|
74504|20787|19|
74504|12172|20|
74504|12288|21|
74504|27064|22|
74504|35056|23|
74504|31426|24|
74504|41167|25|
74504|2992|26|
74504|2984|27|
74504|2990|28|
74504|38965|29|
74504|28006|30|
74504|28074|31|
74504|26057|32|
75111|5197|1|
75111|22652|2|
75111|22443|3|
75111|32408|4|
75111|39744|5|
75111|5639|6|
75111|9898|7|
75111|39370|8|
75111|40013|9|
75111|20485|10|
75111|39636|11|
75111|26057|12|
75111|11237|13|
75142|8902|1|
75142|5197|2|
75142|22652|3|
75142|22443|4|
75142|39744|5|
75142|39839|6|
75142|5639|7|
75142|9898|8|
75142|6802|9|
75142|43122|10|
75142|40013|11|
75142|20485|12|
75142|11237|13|
75167|40508|1|
75167|5197|2|
75167|22443|3|
75167|16203|4|
75167|41967|5|
75167|39747|6|
75167|5639|7|
75167|4384|8|
75167|9898|9|
75167|14533|10|
75167|27207|11|
75167|10628|12|
75167|28258|13|
75167|39370|14|
75167|40013|15|
75167|33465|16|
75167|23132|17|
75167|45154|18|
75167|22571|19|
75167|28519|20|
75167|11835|21|
75167|12491|22|
75167|11500|23|
75180|5197|1|
75180|22652|2|
75180|32461|3|
75180|34685|4|
75180|20787|5|
75180|6802|6|
75180|33256|7|
75180|39744|8|
75180|5639|9|
75180|45255|10|
75180|40013|11|
75180|39370|12|
75180|35492|13|
75180|25108|14|
75180|13160|15|
75180|26057|16|
75218|5197|1|
75218|39636|2|
75218|12812|3|
75218|39167|4|
75218|31654|5|
75218|38965|6|
75218|11835|7|
75218|35049|8|
75218|16143|9|
75244|5197|1|
75244|20485|2|
75244|39240|3|
75244|15104|4|
75244|12812|5|
75244|39167|6|
75244|11835|7|
75244|38965|8|
75244|20680|9|
75244|12955|10|
75244|31654|11|
75244|40101|12|
75244|39506|13|
75244|4100|14|
75244|11779|15|
75244|19997|16|
75244|26057|17|
75244|26186|18|
75300|5197|1|
75300|22127|2|
75300|17985|3|
75300|7922|4|
75300|17998|5|
75300|7326|6|
75300|33352|7|
75300|15524|8|
75300|20485|9|
75300|5600|10|
75300|25405|11|
75300|10222|12|
75300|33957|13|
75300|40087|14|
75300|33256|15|
75300|31654|16|
75300|44833|17|
75300|22942|18|
75300|22759|19|
75300|16143|20|
75438|17543|1|
75438|5197|2|
75438|4428|3|
75438|34977|4|
75438|40856|5|
75438|20485|6|
75438|40857|7|
75438|18025|8|
75438|4086|9|
75438|8597|10|
75438|7110|11|
75438|42545|12|
75438|11835|13|
75438|34775|14|
75438|38965|15|
75438|31654|16|
75438|4278|17|
75438|6802|18|
75438|8072|19|
75438|11997|20|
75438|19997|21|
75438|26057|22|
75438|26186|23|
75438|28806|24|
75438|37439|25|
75438|2201|26|
75438|34596|27|
75535|5197|1|
75535|10222|2|
75535|15768|3|
75535|40814|4|
75535|6557|5|
75535|31654|6|
75535|25108|7|
75535|15981|8|
75535|797|9|
75535|6802|10|
75535|4685|11|
75535|20316|12|
75535|20485|13|
75535|16143|14|
75535|39167|15|
75535|42797|16|
75535|33256|17|
75535|10360|18|
75535|32595|19|
75535|31573|20|
75535|35727|21|
75535|5548|22|
75535|13174|23|
75535|40101|24|
75535|4290|25|
75535|21919|26|
75535|22977|27|
75535|26186|28|
75535|12424|29|
75535|12435|30|
75535|12457|31|
75587|44449|1|
75587|39297|2|
75587|20737|3|
75587|40876|4|
75587|10409|5|
75587|20485|6|
75587|35790|7|
75587|43523|8|
75587|44966|9|
75587|42797|10|
75587|23950|11|
75587|41658|12|
75587|7044|13|
75587|16901|14|
75587|7558|15|
75587|30140|16|
75587|38168|17|
75587|31426|18|
75587|10806|19|
75587|10589|20|
75587|39455|21|
75587|23467|22|
75587|40508|23|
75587|9631|24|
75587|12312|25|
75587|42545|26|
75587|5782|27|
75587|6738|28|
75587|7982|29|
75587|3212|30|
75587|9559|31|
75587|44833|32|
75587|33256|33|
75587|9464|34|
75587|10763|35|
75587|26057|36|
75587|26186|37|
75587|19412|38|
75658|5197|1|
75658|40876|2|
75658|20485|3|
75658|28714|4|
75658|34704|5|
75658|25379|6|
75658|34691|7|
75658|797|8|
75658|9464|9|
75658|12812|10|
75658|20717|11|
75658|23126|12|
75658|38534|13|
75658|39917|14|
75658|39167|15|
75658|3395|16|
75658|12065|17|
75658|20638|18|
75658|20764|19|
75658|35349|20|
75658|4086|21|
75658|3392|22|
75658|33420|23|
75658|44833|24|
75658|3523|25|
75658|39455|26|
75658|11835|27|
75658|38965|28|
75658|34775|29|
75672|44449|1|
75672|30049|2|
75672|24202|3|
75672|40508|4|
75672|15768|5|
75672|20814|6|
75672|40499|7|
75672|43154|8|
75672|6802|9|
75672|20717|10|
75672|32257|11|
75672|8196|12|
75672|10222|13|
75672|42616|14|
75672|28111|15|
75672|3212|16|
75672|31654|17|
75672|35574|18|
75672|39506|19|
75672|16143|20|
75672|11997|21|
75672|4278|22|
75672|26186|23|
75672|19997|24|
75672|26057|25|
75672|11779|26|
75672|18218|27|
75672|18774|28|
75692|5197|1|
75692|20485|2|
75692|35492|3|
75692|32621|4|
75692|34990|5|
75692|9631|6|
75692|12215|7|
75692|9559|8|
75692|39167|9|
75692|31654|10|
75692|33256|11|
75692|28111|12|
75692|35574|13|
75692|42931|14|
75692|15473|15|
75692|28211|16|
75692|11483|17|
75692|10979|18|
75692|11064|19|
75692|10909|20|
75731|10449|1|
75731|9375|2|
75731|32354|3|
75731|42968|4|
75731|15397|5|
75731|26771|6|
75731|30319|7|
75731|6050|8|
75731|8999|9|
75731|29245|10|
75731|37275|11|
75731|6400|12|
75731|40959|13|
75731|37822|14|
75731|37818|15|
75731|6654|16|
75731|3111|17|
75731|42616|18|
75731|44449|19|
75731|31654|20|
75731|11997|21|
75731|26057|22|
75813|44449|1|
75813|10222|2|
75813|6557|3|
75813|13174|4|
75813|18157|5|
75813|5084|6|
75813|25108|7|
75813|15981|8|
75813|19412|9|
75813|38965|10|
75813|3189|11|
75813|11997|12|
75813|18218|13|
75813|26057|14|
75813|26186|15|
75917|5197|1|
75917|12812|2|
75917|39816|3|
75917|20485|4|
75917|20872|5|
75917|39167|6|
75917|31654|7|
75917|37978|8|
75917|38965|9|
75917|12735|10|
75917|21210|11|
75917|25379|12|
75917|11835|13|
75917|39824|14|
75917|20866|15|
75917|40876|16|
75917|12099|17|
75917|4503|18|
75917|12914|19|
75917|24502|20|
75917|39506|21|
75917|10360|22|
75917|6802|23|
75917|6755|24|
75917|22977|25|
75917|26186|26|
75947|5197|1|
75947|39636|2|
75947|20485|3|
75947|12812|4|
75947|39167|5|
75947|20872|6|
75947|31654|7|
75947|38965|8|
75947|25108|9|
75947|11835|10|
75947|25360|11|
75947|41864|12|
75947|42300|13|
75947|35049|14|
75947|41998|15|
75947|6802|16|
75947|6910|17|
75947|21919|18|
75947|26186|19|
75947|10943|20|
76328|5197|1|
76328|39636|2|
76328|16178|3|
76328|12812|4|
76328|39167|5|
76328|31654|6|
76328|33256|7|
76328|38965|8|
76328|12735|9|
76328|11835|10|
76328|32461|11|
76328|34392|12|
76328|34425|13|
76328|16143|14|
76328|20485|15|
76328|9090|16|
76328|45154|17|
76328|22755|18|
76328|14632|19|
76328|7229|20|
76328|20316|21|
76328|6802|22|
76328|34775|23|
76328|15161|24|
76328|21203|25|
76328|8913|26|
76328|21919|27|
76328|11997|28|
76328|26186|29|
76535|39868|1|
76535|5197|2|
76535|20485|3|
76535|39167|4|
76535|39506|5|
76839|5197|1|
76839|20485|2|
76839|22443|3|
76839|44905|4|
76839|8902|5|
76839|15497|6|
76839|5639|7|
76839|44833|8|
76839|39809|9|
76839|38965|10|
76839|40990|11|
76839|39930|12|
76839|45210|13|
76839|42545|14|
76839|10636|15|
76839|4086|16|
76839|27553|17|
76839|26988|18|
76839|26651|19|
76839|35956|20|
76839|43296|21|
76845|5197|1|
76845|8902|2|
76845|40508|3|
76845|32610|4|
76845|9898|5|
76845|5639|6|
76845|16199|7|
76845|39071|8|
76845|44833|9|
76845|40013|10|
76845|8917|11|
76845|39370|12|
76845|39930|13|
76845|42616|14|
76845|11225|15|
76848|5197|1|
76848|40508|2|
76848|8902|3|
76848|5639|4|
76848|16199|5|
76848|44833|6|
76848|39071|7|
76848|40013|8|
76848|39370|9|
76848|8917|10|
76848|39930|11|
76848|11225|12|
76852|5197|1|
76852|40508|2|
76852|22443|3|
76852|34733|4|
76852|41967|5|
76852|39744|6|
76852|5639|7|
76852|44833|8|
76852|39370|9|
76852|40013|10|
76852|38965|11|
76852|10506|12|
76852|26057|13|
76852|11606|14|
76852|11584|15|
76930|5197|1|
76930|39636|2|
76930|20485|3|
76930|12812|4|
76930|31654|5|
76930|38965|6|
76930|39167|7|
76930|11835|8|
76930|32582|9|
76930|41120|10|
76930|34392|11|
76930|21919|12|
76930|26186|13|
76930|26057|14|
76930|25171|15|
76930|12106|16|
76930|39506|17|
76930|34775|18|
77042|5197|1|
77042|35727|2|
77042|8999|3|
77042|12955|4|
77042|12812|5|
77042|38965|6|
77042|34775|7|
77042|18025|8|
77042|35492|9|
77042|31654|10|
77042|39212|11|
77042|11889|12|
77088|5197|1|
77088|3785|2|
77088|9135|3|
77088|41617|4|
77088|27777|5|
77088|35455|6|
77088|20864|7|
77088|18128|8|
77088|28127|9|
77088|3150|10|
77088|27803|11|
77138|5197|1|
77138|21667|2|
77138|20485|3|
77138|8223|4|
77138|9375|5|
77138|15515|6|
77138|10409|7|
77138|20726|8|
77138|42192|9|
77138|4100|10|
77138|35727|11|
77138|20202|12|
77138|30468|13|
77138|30951|14|
77138|40703|15|
77138|30387|16|
77138|44833|17|
77138|39212|18|
77138|42545|19|
77138|11835|20|
77138|38965|21|
77138|31654|22|
77138|11997|23|
77138|26186|24|
77169|29106|1|
77169|5197|2|
77169|3785|3|
77169|6623|4|
77169|20814|5|
77169|8223|6|
77169|34167|7|
77169|20412|8|
77169|10222|9|
77169|13174|10|
77169|44257|11|
77169|16465|12|
77169|16256|13|
77169|26758|14|
77169|4100|15|
77169|35961|16|
77169|43296|17|
77169|44833|18|
77169|40087|19|
77169|39131|20|
77169|25108|21|
77169|39591|22|
77169|42545|23|
77169|21667|24|
77169|39167|25|
77169|16199|26|
77169|34682|27|
77169|34753|28|
77169|37174|29|
77169|31654|30|
77169|26057|31|
77169|26186|32|
77169|6933|33|
77169|19997|34|
77169|11997|35|
77169|11779|36|
77319|5197|1|
77319|20485|2|
77319|15768|3|
77319|41622|4|
77319|34184|5|
77319|24298|6|
77319|8596|7|
77319|31418|8|
77319|4100|9|
77319|9559|10|
77319|39506|11|
77319|6709|12|
77319|18025|13|
77319|33256|14|
77319|33647|15|
77319|26057|16|
77319|26186|17|
77319|11997|18|
77319|31654|19|
77386|23523|1|
77386|20485|2|
77386|32610|3|
77386|22443|4|
77386|32837|5|
77386|19103|6|
77386|39744|7|
77386|42403|8|
77386|33969|9|
77386|40013|10|
77386|12812|11|
77634|5197|1|
77634|20485|2|
77634|22443|3|
77634|45214|4|
77634|9898|5|
77634|5639|6|
77634|39839|7|
77634|40013|8|
77634|42050|9|
77634|39101|10|
77634|39370|11|
77634|18218|12|
77634|26057|13|
77634|19997|14|
77634|26186|15|
77634|11502|16|
77638|5197|1|
77638|30015|2|
77638|3746|3|
77638|8597|4|
77638|20485|5|
77638|7922|6|
77638|17985|7|
77638|44348|8|
77638|33352|9|
77638|42833|10|
77638|3169|11|
77638|44833|12|
77638|31654|13|
77638|42616|14|
77638|28258|15|
77638|39506|16|
77638|3212|17|
77638|9464|18|
77638|18025|19|
77638|19794|20|
77638|16143|21|
77638|26186|22|
77638|9898|23|
77638|6802|24|
77638|26057|25|
77638|6910|26|
77638|18189|27|
77638|14205|28|
77638|19997|29|
77638|44746|30|
78040|39240|1|
78040|45154|2|
78040|42192|3|
78040|11835|4|
78040|31654|5|
78040|30319|6|
78040|33009|7|
78040|35747|8|
78040|20485|9|
78040|5197|10|
78040|38965|11|
78040|26057|12|
78040|26186|13|
78040|21919|14|
78040|6910|15|
78128|5197|1|
78128|39636|2|
78128|20485|3|
78128|12812|4|
78128|39167|5|
78128|38965|6|
78128|32582|7|
78128|16099|8|
78128|11835|9|
78128|34425|10|
78128|42931|11|
78138|5197|1|
78138|39636|2|
78138|39167|3|
78138|12812|4|
78138|31654|5|
78138|38965|6|
78138|11835|7|
78138|32582|8|
78138|34425|9|
78138|42931|10|
78138|10974|11|
78138|11064|12|
78174|5197|1|
78174|3785|2|
78174|42955|3|
78174|20726|4|
78174|20485|5|
78174|9375|6|
78174|31654|7|
78174|10222|8|
78174|28741|9|
78174|44833|10|
78174|11835|11|
78174|6802|12|
78174|11997|13|
78174|4278|14|
78174|19997|15|
78174|38965|16|
78340|17992|1|
78340|30080|2|
78340|21667|3|
78340|12934|4|
78340|5548|5|
78340|38534|6|
78340|31654|7|
78340|42616|8|
78340|42545|9|
78340|26057|10|
78340|4290|11|
78340|11997|12|
78340|11779|13|
78340|19997|14|
78340|33256|15|
78613|44782|1|
78613|44449|2|
78613|20485|3|
78613|10222|4|
78613|8683|5|
78613|24298|6|
78613|20737|7|
78613|20717|8|
78613|33060|9|
78613|15768|10|
78613|31426|11|
78613|22550|12|
78613|31654|13|
78613|9559|14|
78613|39506|15|
78613|39131|16|
78613|33256|17|
78727|44497|1|
78727|20485|2|
78727|10222|3|
78727|24298|4|
78727|40876|5|
78727|10180|6|
78727|20717|7|
78727|32257|8|
78727|10171|9|
78727|33256|10|
78727|9464|11|
78727|9559|12|
78727|19495|13|
78727|13174|14|
79027|5197|1|
79027|3785|2|
79027|4086|3|
79027|34207|4|
79027|27553|5|
79027|25535|6|
79027|27724|7|
79027|20485|8|
79027|26057|9|
79027|26186|10|
79027|19997|11|
79027|11779|12|
79362|5197|1|
79362|21667|2|
79362|20737|3|
79362|20485|4|
79362|10222|5|
79362|10165|6|
79362|15768|7|
79362|9559|8|
79362|39506|9|
79362|42616|10|
79362|8223|11|
79362|33256|12|
79362|18025|13|
79362|31654|14|
79362|6860|15|
79362|11720|16|
79362|11779|17|
79362|11997|18|
79362|14205|19|
79362|18218|20|
79362|19997|21|
79362|22977|22|
79362|24193|23|
79362|26057|24|
79362|26186|25|
79362|4278|26|
79476|5197|1|
79476|39636|2|
79476|12812|3|
79476|39167|4|
79476|31654|5|
79476|20485|6|
79476|38965|7|
79476|34775|8|
79476|34479|9|
79476|11835|10|
79476|16143|11|
79476|32639|12|
79476|25348|13|
79476|42616|14|
79476|4278|15|
80079|5197|1|
80079|41124|2|
80079|35492|3|
80079|41469|4|
80079|3785|5|
80079|33256|6|
80079|38367|7|
80079|3169|8|
80079|9464|9|
80079|7982|10|
80079|32461|11|
80079|4574|12|
80079|39325|13|
80079|39636|14|
80079|26956|15|
80079|41998|16|
80079|16143|17|
80079|34775|18|
80079|42364|19|
80079|27425|20|
80079|11348|21|
80079|11376|22|
80079|11397|23|
80079|11483|24|
80079|11298|25|
80079|11275|26|
80079|28211|27|
80115|5197|1|
80115|10222|2|
80115|6557|3|
80115|20717|4|
80115|40814|5|
80115|20485|6|
80115|35492|7|
80115|25430|8|
80115|39917|9|
80115|31654|10|
80115|28052|11|
80115|11835|12|
80115|24261|13|
80115|25321|14|
80115|30359|15|
80115|42962|16|
80115|6802|17|
80115|22834|18|
80115|42353|19|
80115|33256|20|
80115|38965|21|
80115|34775|22|
80115|28006|23|
80115|28074|24|
80163|5197|1|
80163|20485|2|
80163|10222|3|
80163|3785|4|
80163|38534|5|
80163|35854|6|
80163|15524|7|
80163|8268|8|
80163|20717|9|
80163|12934|10|
80163|4100|11|
80163|21728|12|
80163|42545|13|
80163|20638|14|
80163|40087|15|
80163|44833|16|
80163|25920|17|
80163|40188|18|
80163|18025|19|
80163|31158|20|
80163|39167|21|
80163|26186|22|
80163|26057|23|
80163|11997|24|
80163|4278|25|
80163|6802|26|
80163|19997|27|
80163|31654|28|
80394|5197|1|
80394|20485|2|
80394|8268|3|
80394|10461|4|
80394|30491|5|
80394|10409|6|
80394|24298|7|
80394|15768|8|
80394|39949|9|
80394|33256|10|
80394|4290|11|
80394|19997|12|
80394|26057|13|
80394|31654|14|
80394|26186|15|
80394|11997|16|
80394|1287|17|
80403|5197|1|
80403|22443|2|
80403|40508|3|
80403|32610|4|
80403|39744|5|
80403|9898|6|
80403|39839|7|
80403|5639|8|
80403|26057|9|
80403|39025|10|
80403|43122|11|
80403|42403|12|
80403|40013|13|
80403|15543|14|
80616|30080|1|
80616|36774|2|
80616|9971|3|
80616|7288|4|
80616|13031|5|
80616|8223|6|
80616|22536|7|
80616|21656|8|
80616|5639|9|
80616|33009|10|
80616|38534|11|
80616|37264|12|
80616|42545|13|
80616|5782|14|
80616|5197|15|
80616|35492|16|
80616|28211|17|
80616|38367|18|
80616|7110|19|
80616|6802|20|
80616|26186|21|
80616|11483|22|
80616|10887|23|
80616|11348|24|
80616|11064|25|
80633|41476|1|
80633|40876|2|
80633|22645|3|
80633|22550|4|
80633|45253|5|
80633|33989|6|
80633|22678|7|
80633|9980|8|
80633|14031|9|
80633|28741|10|
80633|34146|11|
80633|42942|12|
80633|44340|13|
80633|34283|14|
80633|42545|15|
80633|11835|16|
80657|44449|1|
80657|12812|2|
80657|39560|3|
80657|25379|4|
80657|39695|5|
80657|39688|6|
80657|20814|7|
80657|22536|8|
80657|19412|9|
80657|21210|10|
80657|40876|11|
80657|20485|12|
80657|41998|13|
80657|28006|14|
80657|28074|15|
80660|26669|1|
80660|5197|2|
80660|20485|3|
80660|22451|4|
80660|9898|5|
80660|39744|6|
80660|5639|7|
80660|39370|8|
80660|40013|9|
80660|11237|10|
80660|11483|11|
80674|5197|1|
80674|10409|2|
80674|40814|3|
80674|40926|4|
80674|36125|5|
80674|6802|6|
80674|23109|7|
80674|10222|8|
80674|31654|9|
80674|7273|10|
80674|20717|11|
80674|34492|12|
80674|11835|13|
80674|16950|14|
80674|26057|15|
80674|30427|16|
80674|26941|17|
80674|4086|18|
80674|26771|19|
80674|10979|20|
80674|28006|21|
80674|26918|22|
80674|28074|23|
80674|10943|24|
80876|35349|1|
80876|5197|2|
80876|40080|3|
80876|34111|4|
80876|9464|5|
80876|31654|6|
80876|39167|7|
80876|10409|8|
80876|4076|9|
80876|21392|10|
80876|21024|11|
80876|8999|12|
80876|13648|13|
80876|43617|14|
80876|12231|15|
80876|10589|16|
80876|19657|17|
80956|20485|1|
80956|22443|2|
80956|39433|3|
80956|5197|4|
80956|39411|5|
80956|39744|6|
80956|5639|7|
80956|43122|8|
80956|40755|9|
80956|9671|10|
80956|40013|11|
80956|36008|12|
80956|40753|13|
80956|44833|14|
80956|12812|15|
80956|11673|16|
80956|39370|17|
80956|18218|18|
80956|39506|19|
80956|11237|20|
80956|38965|21|
81013|20485|1|
81013|22443|2|
81013|39433|3|
81013|5197|4|
81013|32531|5|
81013|5639|6|
81013|43122|7|
81013|39744|8|
81013|12812|9|
81013|40013|10|
81013|39370|11|
81013|36008|12|
81013|44833|13|
81013|9671|14|
81013|39167|15|
81013|26057|16|
81013|41178|17|
81013|38965|18|
81013|39506|19|
81013|11237|20|
81013|11225|21|
81013|11835|22|
81013|39212|23|
81013|34775|24|
81013|40101|25|
81036|44449|1|
81036|39636|2|
81036|20485|3|
81036|12812|4|
81036|39167|5|
81036|31654|6|
81036|12735|7|
81036|20872|8|
81036|40035|9|
81036|38965|10|
81036|11835|11|
81036|41998|12|
81036|12955|13|
81036|34425|14|
81036|25173|15|
81036|20680|16|
81036|20717|17|
81036|22141|18|
81036|44590|19|
81036|10979|20|
81036|10927|21|
81052|37906|1|
81052|5197|2|
81052|20485|3|
81052|39167|4|
81052|39506|5|
81052|42027|6|
81536|3785|1|
81536|5197|2|
81536|31654|3|
81536|4332|4|
81536|4885|5|
81536|7034|6|
81536|9730|7|
81536|11779|8|
81536|11997|9|
81536|19997|10|
81536|20044|11|
81536|21864|12|
81536|21919|13|
81536|22977|14|
81536|26057|15|
81536|26186|16|
81536|26285|17|
81536|33586|18|
81536|37104|19|
81536|41864|20|
81536|41867|21|
81536|41948|22|
81536|12134|23|
81536|12188|24|
81536|12288|25|
81550|44449|1|
81550|33060|2|
81550|28320|3|
81550|10080|4|
81550|25240|5|
81550|10791|6|
81550|9311|7|
81550|33256|8|
81550|28127|9|
81646|39904|1|
81646|39895|2|
81646|5197|3|
81646|20485|4|
81646|26057|5|
81646|31654|6|
81646|39212|7|
81646|42027|8|
81646|11835|9|
81646|39167|10|
81646|11779|11|
81731|10021|1|
81731|5639|2|
81731|26057|3|
81731|26186|4|
81827|5197|1|
81827|39636|2|
81827|39167|3|
81827|32420|4|
81827|12812|5|
81827|38965|6|
81827|34425|7|
81827|31654|8|
81827|11835|9|
81827|34775|10|
81827|21919|11|
81827|29969|12|
81827|39506|13|
81827|11064|14|
81827|10979|15|
81911|5197|1|
81911|20485|2|
81911|12855|3|
81911|38965|4|
81911|11835|5|
81911|39212|6|
81976|5197|1|
81976|39636|2|
81976|20485|3|
81976|12812|4|
81976|39167|5|
81976|31654|6|
81976|38965|7|
81976|41191|8|
81976|11835|9|
81976|41120|10|
81976|41998|11|
81976|34425|12|
81976|6910|13|
81976|26186|14|
81976|26057|15|
81976|43804|16|
81976|39506|17|
81976|34775|18|
82289|5197|1|
82289|20829|2|
82289|9187|3|
82289|37975|4|
82289|40926|5|
82289|15717|6|
82289|16950|7|
82289|40476|8|
82289|6557|9|
82289|34946|10|
82289|5600|11|
82289|24261|12|
82289|35492|13|
82289|35500|14|
82289|22766|15|
82289|22852|16|
82289|22881|17|
82289|9464|18|
82289|11835|19|
82289|36132|20|
82289|34398|21|
82289|34406|22|
82289|34479|23|
82289|3276|24|
82289|38965|25|
82289|33256|26|
82289|26186|27|
82289|14205|28|
82289|26057|29|
82289|31654|30|
82289|347|31|
82882|5197|1|
82882|31309|2|
82882|42931|3|
82882|24229|4|
82882|20680|5|
82882|40876|6|
82882|24149|7|
82882|40508|8|
82882|23047|9|
82882|31654|10|
82882|32511|11|
82882|26186|12|
82882|6910|13|
82882|4100|14|
82882|38367|15|
82882|42545|16|
82882|25725|17|
82882|5782|18|
82882|22602|19|
82882|11064|20|
83294|5197|1|
83294|10222|2|
83294|31573|3|
83294|21667|4|
83294|20717|5|
83294|20485|6|
83294|10165|7|
83294|10461|8|
83294|36635|9|
83294|42616|10|
83294|26325|11|
83294|26327|12|
83294|26771|13|
83294|31426|14|
83294|3954|15|
83294|9559|16|
83294|16143|17|
83294|31654|18|
83294|39506|19|
83294|33256|20|
83294|18025|21|
83294|7101|22|
83294|7110|23|
83339|5197|1|
83339|31573|2|
83339|20485|3|
83339|9559|4|
83339|34675|5|
83339|33256|6|
83339|10409|7|
83339|39949|8|
83339|9464|9|
83339|22598|10|
83339|39979|11|
83339|26911|12|
83339|45218|13|
83339|14067|14|
83339|18681|15|
83339|8223|16|
83339|31654|17|
83339|16143|18|
83339|6058|19|
83430|39904|1|
83430|5197|2|
83430|39895|3|
83430|31654|4|
83430|20485|5|
83430|39167|6|
83430|6937|7|
83430|4755|8|
83430|4278|9|
83430|26186|10|
83430|14205|11|
83430|19997|12|
83430|11997|13|
83482|5197|1|
83482|20485|2|
83482|8223|3|
83482|10222|4|
83482|28127|5|
83482|20737|6|
83482|8597|7|
83482|9375|8|
83482|13031|9|
83482|33352|10|
83482|7922|11|
83482|17985|12|
83482|7326|13|
83482|20717|14|
83482|43296|15|
83482|39455|16|
83482|14286|17|
83482|835|18|
83482|42616|19|
83482|18025|20|
83482|44833|21|
83482|43102|22|
83482|39506|23|
83482|33256|24|
83482|33826|25|
83482|31654|26|
83650|21667|1|
83650|30319|2|
83650|9375|3|
83650|33009|4|
83650|35790|5|
83650|42545|6|
83664|16649|1|
83664|5197|2|
83664|39636|3|
83664|39167|4|
83664|12812|5|
83664|20485|6|
83664|11835|7|
83664|38965|8|
83664|31654|9|
83664|20872|10|
83664|39591|11|
83664|25360|12|
83664|41998|13|
83664|11997|14|
83664|19997|15|
83664|21919|16|
83664|26186|17|
83664|10943|18|
83664|11064|19|
83879|5197|1|
83879|39636|2|
83879|39167|3|
83879|12812|4|
83879|20485|5|
83879|11835|6|
83879|38965|7|
83879|31654|8|
83879|21210|9|
83879|42027|10|
83879|31426|11|
83879|20872|12|
83879|29357|13|
83879|3315|14|
83879|9631|15|
83879|4781|16|
83879|12735|17|
83879|34775|18|
83879|25108|19|
83879|39506|20|
83879|40101|21|
83879|10909|22|
84035|5197|1|
84035|7275|2|
84035|40922|3|
84035|6557|4|
84035|10409|5|
84035|31654|6|
84035|24261|7|
84035|6802|8|
84035|38965|9|
84035|16143|10|
84035|11835|11|
84035|34479|12|
84035|20485|13|
84035|31426|14|
84035|31452|15|
84035|22104|16|
84035|32257|17|
84035|21919|18|
84035|35455|19|
84035|20864|20|
84035|37269|21|
84035|36774|22|
84035|35790|23|
84035|22842|24|
84035|7237|25|
84035|31337|26|
84221|5197|1|
84221|8597|2|
84221|15622|3|
84221|17998|4|
84221|15515|5|
84221|34214|6|
84221|7326|7|
84221|15648|8|
84221|35349|9|
84221|8793|10|
84221|45253|11|
84221|26964|12|
84221|20638|13|
84221|32864|14|
84221|40791|15|
84221|44833|16|
84221|9079|17|
84221|39411|18|
84221|35462|19|
84221|39325|20|
84221|42545|21|
84221|23986|22|
84221|21667|23|
84221|19611|24|
84221|29597|25|
84326|5197|1|
84326|31573|2|
84326|35500|3|
84326|10409|4|
84326|20485|5|
84326|39455|6|
84326|42616|7|
84326|42931|8|
84326|25239|9|
84326|31426|10|
84326|36635|11|
84326|42545|12|
84326|40876|13|
84326|20717|14|
84326|32257|15|
84326|31309|16|
84326|9559|17|
84326|25725|18|
84326|34500|19|
84326|35492|20|
84326|15768|21|
84326|16143|22|
84326|11835|23|
84326|33256|24|
84326|6709|25|
84326|33647|26|
84326|31654|27|
84354|5197|1|
84354|20485|2|
84354|32864|3|
84354|12812|4|
84354|15104|5|
84354|44833|6|
84354|39167|7|
84354|31426|8|
84354|7362|9|
84354|11835|10|
84365|36099|1|
84365|4086|2|
84365|12955|3|
84365|39212|4|
84365|6802|5|
84365|6709|6|
84365|15161|7|
84365|7044|8|
84365|11835|9|
84381|31573|1|
84381|33060|2|
84381|17973|3|
84381|31542|4|
84381|10080|5|
84381|28261|6|
84381|33256|7|
84381|9464|8|
84381|31654|9|
84381|13174|10|
84381|42616|11|
84381|41464|12|
84381|18025|13|
84381|33647|14|
84381|42545|15|
84381|6802|16|
84414|44449|1|
84414|8223|2|
84414|20485|3|
84414|15768|4|
84414|28320|5|
84414|29357|6|
84414|10222|7|
84414|36293|8|
84414|4664|9|
84414|32257|10|
84414|20717|11|
84414|42545|12|
84414|38965|13|
84414|32357|14|
84414|15823|15|
84414|27211|16|
84414|44833|17|
84414|32800|18|
84414|9426|19|
84414|28261|20|
84414|40502|21|
84414|31542|22|
84414|16143|23|
84414|44270|24|
84414|11835|25|
84424|20485|1|
84424|5197|2|
84424|40508|3|
84424|22443|4|
84424|39744|5|
84424|39212|6|
84424|5639|7|
84424|39411|8|
84424|9671|9|
84424|44833|10|
84424|40013|11|
84424|40755|12|
84424|12812|13|
84424|39506|14|
84424|40753|15|
84424|39167|16|
84424|39370|17|
84424|41178|18|
84424|38965|19|
84424|11835|20|
84424|34775|21|
84424|11087|22|
84424|35264|23|
84424|2293|24|
84424|20090|25|
84424|2305|26|
84535|5197|1|
84535|39698|2|
84535|12812|3|
84535|35349|4|
84535|20485|5|
84535|15823|6|
84535|41692|7|
84535|3169|8|
84535|31654|9|
84535|33647|10|
84535|37632|11|
84535|17479|12|
84535|31426|13|
84535|37174|14|
84535|28943|15|
84535|37697|16|
84535|29349|17|
84535|7237|18|
84535|4076|19|
84535|27777|20|
84535|13125|21|
84535|40814|22|
84535|20894|23|
84535|21210|24|
84535|28211|25|
84535|42403|26|
84535|42364|27|
84535|32511|28|
84535|39167|29|
84535|11835|30|
84535|33256|31|
84535|38965|32|
84535|16143|33|
84602|5197|1|
84602|39636|2|
84602|12812|3|
84602|20485|4|
84602|31426|5|
84602|39152|6|
84602|13025|7|
84602|20678|8|
84602|34425|9|
84602|39591|10|
84602|39212|11|
84602|34360|12|
84602|25108|13|
84602|11835|14|
84602|34775|15|
84602|38965|16|
84602|31654|17|
84602|26057|18|
84602|21919|19|
84602|26186|20|
84602|11064|21|
84602|11171|22|
84698|5197|1|
84698|15182|2|
84698|31654|3|
84698|31426|4|
84698|44914|5|
84698|4914|6|
84698|44905|7|
84698|20325|8|
84698|6802|9|
84698|15161|10|
84698|26186|11|
84739|5197|1|
84739|39636|2|
84739|11835|3|
84739|12812|4|
84739|20872|5|
84739|4638|6|
84739|14431|7|
84739|9559|8|
84739|35044|9|
84739|32529|10|
84739|39167|11|
84739|39506|12|
84739|12921|13|
84739|35492|14|
84739|34392|15|
84739|21978|16|
84739|38965|17|
84739|37632|18|
84739|26186|19|
84739|4740|20|
84739|21919|21|
84739|6802|22|
84739|31654|23|
84795|5197|1|
84795|39636|2|
84795|20485|3|
84795|12812|4|
84795|39167|5|
84795|3169|6|
84795|39691|7|
84795|31654|8|
84795|38965|9|
84795|39506|10|
84795|40876|11|
84795|25379|12|
84795|23182|13|
84795|31309|14|
84795|41998|15|
84795|39578|16|
84795|11835|17|
84795|35049|18|
84795|4278|19|
84795|4755|20|
84795|6910|21|
84795|26057|22|
84795|26186|23|
84795|26285|24|
84795|41948|25|
84795|10943|26|
84795|10979|27|
84795|11064|28|
84859|5197|1|
84859|39636|2|
84859|20485|3|
84859|12921|4|
84859|32864|5|
84859|11835|6|
84859|39506|7|
84859|20872|8|
84859|3169|9|
84859|12735|10|
84859|34425|11|
84859|39167|12|
84859|38965|13|
84859|31654|14|
84859|405|15|
85180|15981|1|
85180|5197|2|
85180|35492|3|
85180|40080|4|
85180|8597|5|
85180|31654|6|
85180|16143|7|
85180|7110|8|
85180|38486|9|
85180|9135|10|
85180|21864|11|
85180|21919|12|
85180|25569|13|
85180|26186|14|
85180|26285|15|
85180|37102|16|
85180|41948|17|
85180|11057|18|
85202|5197|1|
85202|39636|2|
85202|39167|3|
85202|12812|4|
85202|20485|5|
85202|12955|6|
85202|20680|7|
85202|9216|8|
85202|12157|9|
85202|31379|10|
85202|34425|11|
85202|31654|12|
85202|34500|13|
85202|11835|14|
85202|42027|15|
85202|39506|16|
85202|38965|17|
85202|34775|18|
85202|6802|19|
85202|15161|20|
85202|26057|21|
85202|21864|22|
85202|41896|23|
85247|4474|1|
85247|24298|2|
85247|40926|3|
85247|14559|4|
85247|34966|5|
85247|28320|6|
85247|26956|7|
85247|22536|8|
85247|31654|9|
85247|40849|10|
85247|7110|11|
85247|40073|12|
85247|27089|13|
85247|22769|14|
85247|42545|15|
85247|38367|16|
85247|4278|17|
85247|6802|18|
85247|6910|19|
85247|11779|20|
85247|11997|21|
85247|21919|22|
85247|26057|23|
85247|26186|24|
85250|5197|1|
85250|14559|2|
85250|4685|3|
85250|32461|4|
85250|5548|5|
85250|22766|6|
85250|22852|7|
85250|22881|8|
85250|25882|9|
85250|17959|10|
85250|34419|11|
85250|31654|12|
85250|41998|13|
85250|39167|14|
85250|10360|15|
85250|42887|16|
85250|11835|17|
85250|6802|18|
85250|12812|19|
85250|34997|20|
85250|1535|21|
85250|38965|22|
85250|24010|23|
85250|21919|24|
85284|5197|1|
85284|4428|2|
85284|34966|3|
85284|10461|4|
85284|22536|5|
85284|8597|6|
85284|10222|7|
85284|35492|8|
85284|31309|9|
85284|40876|10|
85284|31654|11|
85284|4451|12|
85284|8746|13|
85284|30417|14|
85284|10636|15|
85284|30080|16|
85284|33009|17|
85284|40856|18|
85284|40859|19|
85284|28714|20|
85284|5438|21|
85284|30387|22|
85284|32800|23|
85284|7110|24|
85474|5197|1|
85474|4086|2|
85474|20485|3|
85474|15104|4|
85474|38965|5|
85474|25913|6|
85474|25108|7|
85474|39773|8|
85500|5197|1|
85500|39809|2|
85500|3169|3|
85500|35349|4|
85500|34691|5|
85500|20485|6|
85500|34687|7|
85500|15104|8|
85500|11483|9|
85500|12812|10|
85500|31654|11|
85500|9464|12|
85500|39167|13|
85500|18025|14|
85500|16143|15|
85500|34425|16|
85500|38965|17|
85500|797|18|
85500|31426|19|
85500|40696|20|
85500|7982|21|
85500|40707|22|
85500|22398|23|
85500|22792|24|
85500|22847|25|
85500|11835|26|
85500|13349|27|
85500|34700|28|
85500|39212|29|
85500|39455|30|
85500|23157|31|
85500|39459|32|
85500|38851|33|
85500|34775|34|
85534|5197|1|
85534|20485|2|
85534|10222|3|
85534|44833|4|
85534|7044|5|
85534|39297|6|
85534|33256|7|
85534|33957|8|
85534|18025|9|
85534|13049|10|
85534|39578|11|
85534|16143|12|
85534|39693|13|
85534|39506|14|
85534|32864|15|
85534|10060|16|
85534|10055|17|
85534|33490|18|
85534|10791|19|
85534|9559|20|
85534|39459|21|
85534|10057|22|
85534|11835|23|
85550|5197|1|
85550|4428|2|
85550|20485|3|
85550|31654|4|
85550|23047|5|
85550|35007|6|
85550|32461|7|
85550|26186|8|
85550|39506|9|
85550|26057|10|
85550|11835|11|
85557|5197|1|
85557|39636|2|
85557|16178|3|
85557|12812|4|
85557|32390|5|
85557|39167|6|
85557|32582|7|
85557|19648|8|
85557|39506|9|
85557|37632|10|
85557|25348|11|
85557|34392|12|
85557|32369|13|
85557|11835|14|
85557|42009|15|
85557|42545|16|
85557|9375|17|
85557|5754|18|
85557|5782|19|
85557|38965|20|
85557|31654|21|
85557|21919|22|
85557|6910|23|
85557|26285|24|
85557|26186|25|
85758|5197|1|
85758|40508|2|
85758|22443|3|
85758|35454|4|
85758|20485|5|
85758|25430|6|
85758|22935|7|
85758|5639|8|
85758|30281|9|
85758|39370|10|
85758|40013|11|
85758|31426|12|
85758|3965|13|
85758|26057|14|
85758|38965|15|
85758|39506|16|
85758|11835|17|
85758|11237|18|
85780|4474|1|
85780|34966|2|
85780|40926|3|
85780|8683|4|
85780|24298|5|
85780|31573|6|
85780|22536|7|
85780|32615|8|
85780|31654|9|
85780|34035|10|
85780|21667|11|
85780|32610|12|
85780|7110|13|
85780|2924|14|
85780|4278|15|
85780|11779|16|
85780|11997|17|
85780|12188|18|
85780|14205|19|
85780|21919|20|
85780|24620|21|
85780|26057|22|
85780|26186|23|
85780|26285|24|
85780|33586|25|
85780|41864|26|
85780|41948|27|
85797|5197|1|
85797|4428|2|
85797|20485|3|
85797|21667|4|
85797|40856|5|
85797|40857|6|
85797|16143|7|
85797|32818|8|
85797|34718|9|
85878|5197|1|
85878|24176|2|
85878|15768|3|
85878|6204|4|
85878|15804|5|
85878|15855|6|
85878|23019|7|
85878|34461|8|
85878|24202|9|
85878|42545|10|
85878|43114|11|
85878|24165|12|
85878|34492|13|
85878|42931|14|
85878|17771|15|
85878|33256|16|
85878|10763|17|
85886|21667|1|
85886|13174|2|
85886|6513|3|
85886|36774|4|
85886|5639|5|
85886|25239|6|
85886|8223|7|
85886|42192|8|
85886|19365|9|
85886|42545|10|
85886|36354|11|
85886|20814|12|
85886|11779|13|
85886|11997|14|
85886|19997|15|
85886|26057|16|
85886|26186|17|
85929|5197|1|
85929|32610|2|
85929|20485|3|
85929|10720|4|
85929|32556|5|
85929|33256|6|
85929|31654|7|
85929|436|8|
85988|5197|1|
85988|34687|2|
85988|20485|3|
85988|23047|4|
85988|13174|5|
85988|12328|6|
85988|37712|7|
85988|9464|8|
85988|30319|9|
85988|35492|10|
85988|34741|11|
85988|32461|12|
85988|16143|13|
85988|7110|14|
85988|28074|15|
85988|31654|16|
85988|11779|17|
85988|21919|18|
85988|26057|19|
85988|26186|20|
85996|5197|1|
85996|20485|2|
85996|39250|3|
85996|39604|4|
85996|31654|5|
85996|27525|6|
85996|41296|7|
85996|39731|8|
85996|3158|9|
85996|33256|10|
85996|20316|11|
85996|39506|12|
85996|12955|13|
85996|20680|14|
85996|11835|15|
85996|3954|16|
85996|38965|17|
85996|42027|18|
85996|797|19|
85996|9464|20|
85996|9538|21|
85996|8913|22|
85996|43191|23|
85996|22602|24|
85996|42545|25|
85996|28877|26|
86112|7883|1|
86112|17792|2|
86112|29423|3|
86112|2946|4|
86112|33464|5|
86112|24261|6|
86112|40791|7|
86112|3442|8|
86112|11483|9|
86112|11835|10|
86112|10979|11|
86112|11348|12|
86112|41120|13|
86112|11393|14|
86145|44449|1|
86145|32536|2|
86145|19610|3|
86145|27207|4|
86145|44905|5|
86145|36678|6|
86145|14430|7|
86145|35435|8|
86145|10356|9|
86145|16143|10|
86145|7137|11|
86168|20485|1|
86214|5197|1|
86214|20485|2|
86214|8223|3|
86214|34167|4|
86214|40926|5|
86214|20717|6|
86214|12927|7|
86214|42545|8|
86214|42616|9|
86214|9559|10|
86214|44833|11|
86214|31654|12|
86214|18025|13|
86214|15123|14|
86214|38965|15|
86214|39506|16|
86214|26057|17|
86214|4278|18|
86214|14205|19|
86214|26186|20|
86242|5197|1|
86242|20485|2|
86242|10222|3|
86242|39131|4|
86242|18025|5|
86242|31309|6|
86242|40876|7|
86242|16199|8|
86242|34753|9|
86242|42545|10|
86242|33256|11|
86365|5197|1|
86365|39636|2|
86365|39167|3|
86365|20485|4|
86365|12921|5|
86365|31654|6|
86365|35044|7|
86365|10949|8|
86365|11075|9|
86365|34775|10|
86365|9165|11|
86365|26186|12|
86365|4278|13|
86365|38965|14|
86365|39506|15|
86365|16143|16|
86365|11997|17|
86365|11835|18|
86365|21919|19|
86365|8072|20|
86365|34425|21|
86365|6910|22|
86379|2549|1|
86379|5197|2|
86379|24298|3|
86379|3785|4|
86379|15524|5|
86379|7326|6|
86379|16234|7|
86379|15703|8|
86379|17998|9|
86379|7922|10|
86379|20485|11|
86379|35349|12|
86379|42931|13|
86379|8638|14|
86379|31066|15|
86379|33352|16|
86379|15622|17|
86379|30940|18|
86379|32349|19|
86379|42403|20|
86379|40876|21|
86379|16549|22|
86379|4439|23|
86379|42545|24|
86379|22942|25|
86379|9464|26|
86379|23047|27|
86379|43114|28|
86379|44833|29|
86379|3169|30|
86379|3212|31|
86444|9375|1|
86444|45231|2|
86444|13174|3|
86444|13052|4|
86444|42403|5|
86444|34134|6|
86444|8223|7|
86444|34171|8|
86444|22678|9|
86444|25405|10|
86444|4384|11|
86444|40876|12|
86444|12934|13|
86444|20638|14|
86444|19942|15|
86444|27280|16|
86444|34744|17|
86444|42545|18|
86444|21667|19|
86444|39506|20|
86444|23731|21|
86454|13174|1|
86454|45154|2|
86454|39025|3|
86454|14039|4|
86454|12199|5|
86454|27553|6|
86454|26186|7|
86454|11779|8|
86454|26057|9|
86594|44449|1|
86594|31309|2|
86594|40876|3|
86594|4086|4|
86594|20485|5|
86594|34704|6|
86594|13049|7|
86594|30319|8|
86594|38534|9|
86594|21392|10|
86594|17490|11|
86594|9215|12|
86594|6365|13|
86594|32864|14|
86594|7044|15|
86594|38367|16|
86594|28714|17|
86594|40508|18|
86594|39506|19|
86594|28258|20|
86594|20737|21|
86594|3912|22|
86594|8890|23|
86594|7362|24|
86594|25913|25|
86594|20638|26|
86594|20764|27|
86594|39773|28|
86594|25115|29|
86594|42545|30|
86594|21625|31|
86664|5197|1|
86664|16178|2|
86664|12812|3|
86664|16104|4|
86664|20665|5|
86664|32582|6|
86664|31654|7|
86664|25108|8|
86664|29357|9|
86664|20787|10|
86664|26911|11|
86664|3703|12|
86664|26660|13|
86664|25871|14|
86664|3954|15|
86664|32313|16|
86664|32293|17|
86664|33256|18|
86664|38965|19|
86664|6802|20|
86664|11835|21|
86664|5782|22|
86664|11218|23|
86664|21919|24|
86664|26186|25|
86664|26057|26|
87054|8902|1|
87054|39744|2|
87054|5639|3|
87054|37664|4|
87054|9671|5|
87054|9898|6|
87054|39105|7|
87054|38965|8|
87054|20485|9|
87054|40013|10|
87054|28111|11|
87054|35574|12|
87054|18218|13|
87175|5197|1|
87175|4076|2|
87175|33256|3|
87175|38965|4|
87175|20485|5|
87175|39666|6|
87175|6709|7|
87175|15161|8|
87273|5197|1|
87273|14115|2|
87273|10222|3|
87273|3746|4|
87273|15768|5|
87273|20717|6|
87273|22626|7|
87273|39744|8|
87273|33256|9|
87273|9559|10|
87273|42931|11|
87273|31654|12|
87273|15878|13|
87273|6910|14|
87273|4763|15|
87273|26186|16|
87273|4278|17|
87273|11997|18|
87273|14205|19|
87273|19997|20|
87309|5197|1|
87309|20485|2|
87309|34544|3|
87309|35492|4|
87309|33256|5|
87309|29357|6|
87309|39455|7|
87309|38965|8|
87309|34518|9|
87309|23047|10|
87309|22761|11|
87309|39411|12|
87309|44833|13|
87309|44905|14|
87309|37164|15|
87309|31654|16|
87309|11835|17|
87309|42616|18|
87309|33420|19|
87309|40637|20|
87318|22632|1|
87318|15711|2|
87318|42911|3|
87318|33504|4|
87318|7288|5|
87318|27931|6|
87318|34322|7|
87318|32812|8|
87318|17874|9|
87318|41477|10|
87318|38402|11|
87318|44348|12|
87318|22015|13|
87318|8223|14|
87318|18271|15|
87318|37946|16|
87318|42545|17|
87318|28261|18|
87318|28562|19|
87318|5197|20|
87318|17973|21|
87318|30080|22|
87318|9375|23|
87318|42838|24|
87318|40464|25|
87318|35462|26|
87318|19105|27|
87318|40791|28|
87318|25108|29|
87318|31330|30|
87318|31346|31|
87318|8009|32|
87318|32800|33|
87318|24086|34|
87318|42403|35|
87318|36468|36|
87318|45003|37|
87553|5197|1|
87553|39636|2|
87553|12955|3|
87553|12865|4|
87553|11835|5|
87553|39167|6|
87553|22678|7|
87553|20773|8|
87553|21210|9|
87553|40460|10|
87553|31426|11|
87553|42027|12|
87553|38965|13|
87553|31654|14|
87553|6953|15|
87553|12188|16|
87553|12288|17|
87553|21919|18|
87553|26057|19|
87553|26186|20|
87553|2979|21|
87553|2990|22|
87634|44449|1|
87634|15981|2|
87634|35349|3|
87634|10071|4|
87634|44833|5|
87634|10806|6|
87634|33256|7|
87634|10763|8|
87634|32556|9|
87634|34682|10|
87634|31654|11|
87634|16143|12|
87634|22792|13|
87634|42800|14|
87634|33782|15|
87634|41191|16|
87634|11064|17|
87634|42545|18|
87688|44449|1|
87688|17959|2|
87688|29357|3|
87688|20485|4|
87688|20354|5|
87688|39455|6|
87688|36635|7|
87688|20787|8|
87688|14630|9|
87688|39917|10|
87688|7922|11|
87688|21667|12|
87688|42545|13|
87688|15768|14|
87688|14559|15|
87688|3212|16|
87688|41120|17|
87688|33060|18|
87688|12955|19|
87688|16143|20|
87688|11835|21|
87688|6709|22|
87688|33256|23|
87688|28111|24|
87688|35574|25|
87688|31654|26|
87756|5197|1|
87756|20485|2|
87756|10222|3|
87756|6557|4|
87756|24285|5|
87756|20717|6|
87756|31654|7|
87756|40814|8|
87756|21476|9|
87756|24261|10|
87756|38965|11|
87756|21473|12|
87756|35790|13|
87756|34406|14|
87756|26771|15|
87756|13174|16|
87756|15515|17|
87756|31426|18|
87756|1522|19|
87756|11835|20|
87756|23142|21|
87756|15981|22|
87756|21485|23|
87756|23137|24|
87756|6439|25|
87756|25430|26|
87756|6802|27|
87757|5197|1|
87757|39636|2|
87757|12812|3|
87757|39167|4|
87757|8870|5|
87757|22881|6|
87757|31654|7|
87757|38965|8|
87757|12955|9|
87757|11835|10|
87757|20680|11|
87757|32582|12|
87757|23114|13|
87757|32293|14|
87757|20872|15|
87757|25360|16|
87757|22536|17|
87757|12188|18|
87757|26057|19|
87757|39506|20|
87757|6802|21|
87757|35492|22|
87913|44449|1|
87913|39636|2|
87913|12812|3|
87913|39212|4|
87913|40150|5|
87913|39167|6|
87913|39744|7|
87913|31654|8|
87913|40926|9|
87913|20485|10|
87913|10409|11|
87913|15823|12|
87913|11835|13|
87913|38965|14|
87913|15768|15|
87913|21210|16|
87913|41998|17|
87913|41692|18|
87913|34419|19|
87913|43001|20|
87913|42885|21|
87913|31426|22|
87913|22104|23|
87913|31452|24|
87913|28006|25|
87913|6802|26|
87913|35492|27|
87913|28074|28|
88062|7811|1|
88062|24149|2|
88062|35334|3|
88062|4393|4|
88062|14559|5|
88062|8597|6|
88062|16270|7|
88062|35462|8|
88062|31654|9|
88062|8223|10|
88062|42616|11|
88062|39455|12|
88169|7546|1|
88169|35492|2|
88169|23047|3|
88169|36130|4|
88169|39334|5|
88169|33256|6|
88169|27064|7|
88169|12812|8|
88169|32461|9|
88169|31654|10|
88169|16143|11|
88169|16199|12|
88169|34492|13|
88169|39930|14|
88169|32957|15|
88169|17756|16|
88169|10222|17|
88169|11835|18|
88169|40106|19|
88169|15540|20|
88169|1541|21|
88169|5754|22|
88169|10318|23|
88169|40858|24|
88169|43114|25|
88169|44833|26|
88169|1549|27|
88169|39801|28|
88169|1494|29|
88169|31156|30|
88169|1548|31|
88169|26726|32|
88169|836|33|
88169|3326|34|
88169|22505|35|
88169|10171|36|
88169|37632|37|
88169|33436|38|
88169|16203|39|
88169|40067|40|
88169|18081|41|
88169|7547|42|
88169|7336|43|
88169|40926|44|
88169|10409|45|
88169|40814|46|
88169|20349|47|
88169|6802|48|
88169|6860|49|
88169|16950|50|
88169|22104|51|
88169|13174|52|
88169|39167|53|
88169|21864|54|
88169|21919|55|
88169|26186|56|
88169|26941|57|
88169|43042|58|
88169|4086|59|
88169|28006|60|
88169|26918|61|
88169|28074|62|
88169|34775|63|
88169|38965|64|
88189|44449|1|
88189|10222|2|
88189|15936|3|
88189|10409|4|
88189|7264|5|
88189|7273|6|
88189|9375|7|
88189|6563|8|
88189|33256|9|
88189|31426|10|
88189|31654|11|
88189|11835|12|
88189|38965|13|
88189|20485|14|
88189|42027|15|
88189|43541|16|
88189|31379|17|
88201|44449|1|
88201|39636|2|
88201|12812|3|
88201|20485|4|
88201|15823|5|
88201|42545|6|
88201|5548|7|
88201|37174|8|
88201|9106|9|
88201|17959|10|
88201|32506|11|
88201|9559|12|
88201|21210|13|
88201|12735|14|
88201|41692|15|
88201|41706|16|
88201|20872|17|
88201|39167|18|
88201|11835|19|
88201|16143|20|
88201|38965|21|
88201|33256|22|
88201|31654|23|
88201|28211|24|
88201|42403|25|
88233|5197|1|
88233|15768|2|
88233|24222|3|
88233|9375|4|
88233|20485|5|
88233|7982|6|
88233|10469|7|
88233|43042|8|
88233|40482|9|
88233|39167|10|
88233|42838|11|
88233|16270|12|
88233|33256|13|
88233|18025|14|
88233|9464|15|
88233|40696|16|
88233|39455|17|
88233|44833|18|
88233|28211|19|
88233|42942|20|
88233|42403|21|
88233|4384|22|
88233|24087|23|
88233|24066|24|
88233|24092|25|
88282|5197|1|
88282|10222|2|
88282|14571|3|
88282|6056|4|
88282|15768|5|
88282|10360|6|
88282|23047|7|
88282|33256|8|
88282|9464|9|
88282|6563|10|
88282|25465|11|
88282|4685|12|
88282|39917|13|
88282|31426|14|
88282|14559|15|
88282|13022|16|
88282|4086|17|
88282|40443|18|
88282|42903|19|
88282|27089|20|
88326|7811|1|
88326|24149|2|
88326|35334|3|
88326|14559|4|
88326|34966|5|
88326|4451|6|
88326|31654|7|
88326|16270|8|
88326|22792|9|
88326|20787|10|
88326|44449|11|
88326|8905|12|
88326|35462|13|
88326|7110|14|
88339|7884|1|
88339|17793|2|
88339|29423|3|
88339|3451|4|
88339|24261|5|
88339|2946|6|
88339|8894|7|
88339|40788|8|
88339|3169|9|
88339|38367|10|
88339|40097|11|
88339|41120|12|
88339|5197|13|
88339|6734|14|
88339|9375|15|
88339|15446|16|
88339|21868|17|
88339|43039|18|
88339|24704|19|
88339|33667|20|
88339|42616|21|
88339|43068|22|
88339|33436|23|
88339|15768|24|
88339|43042|25|
88339|10469|26|
88339|42364|27|
88339|33076|28|
88339|28211|29|
88339|42403|30|
88339|18854|31|
88339|4446|32|
88339|27153|33|
88339|18901|34|
88339|14664|35|
88339|43386|36|
88339|14645|37|
88339|9893|38|
88339|6736|39|
88339|14673|40|
88339|34047|41|
88339|28854|42|
88339|24332|43|
88339|18099|44|
88339|34534|45|
88339|34535|46|
88339|20782|47|
88339|3257|48|
88339|9716|49|
88339|26792|50|
88339|7982|51|
88339|22764|52|
88339|28111|53|
88339|35574|54|
88339|14670|55|
88339|18855|56|
88560|33989|1|
88560|22632|2|
88560|17973|3|
88560|28261|4|
88560|33504|5|
88560|9096|6|
88560|15711|7|
88560|13174|8|
88560|7326|9|
88560|17998|10|
88560|38379|11|
88560|8223|12|
88560|24841|13|
88560|10269|14|
88560|44449|15|
88560|17874|16|
88560|7110|17|
88560|7362|18|
88560|42616|19|
88560|40464|20|
88560|10171|21|
88560|8009|22|
88560|20485|23|
88560|10409|24|
88560|34600|25|
88560|33256|26|
88560|6543|27|
88560|10060|28|
88560|10791|29|
88560|41191|30|
88560|10062|31|
88560|18025|32|
88560|10055|33|
88560|10057|34|
88560|10058|35|
88560|9287|36|
88560|9288|37|
88560|31347|38|
88560|5782|39|
88560|11835|40|
88560|20680|41|
88560|20717|42|
88560|25725|43|
88560|42545|44|
88560|52|45|
88560|11483|46|
88560|10887|47|
88560|11348|48|
88560|10979|49|
88560|11064|50|
88560|10909|51|
88560|11171|52|
88632|3785|1|
88632|5197|2|
88632|35492|3|
88632|31654|4|
88632|9559|5|
88632|42931|6|
88632|27553|7|
88632|26057|8|
88632|21919|9|
88632|26186|10|
88632|19997|11|
88632|43239|12|
88632|41867|13|
88632|9135|14|
88632|37104|15|
88632|26285|16|
88632|41864|17|
88632|18162|18|
88632|33586|19|
88632|11779|20|
88632|7034|21|
88632|20046|22|
88709|3785|1|
88709|547|2|
88709|5197|3|
88709|31654|4|
88709|17959|5|
88709|17985|6|
88709|7922|7|
88709|26186|8|
88709|14205|9|
88709|26057|10|
88709|6910|11|
88709|4278|12|
88709|6860|13|
88709|11673|14|
88754|22632|1|
88754|15711|2|
88754|8223|3|
88754|33989|4|
88754|28261|5|
88754|41464|6|
88754|41477|7|
88754|30080|8|
88754|22623|9|
88754|34146|10|
88754|15743|11|
88754|20634|12|
88754|42955|13|
88754|42545|14|
88754|42616|15|
88754|41924|16|
88754|31346|17|
88754|30691|18|
88754|42207|19|
88754|25108|20|
88754|42838|21|
88754|41002|22|
88754|17973|23|
88754|40464|24|
88754|41469|25|
88754|16270|26|
88754|29898|27|
88754|19412|28|
88754|6860|29|
88754|15863|30|
88754|26186|31|
88754|6680|32|
88754|36398|33|
88754|36463|34|
88754|7481|35|
